"","id","name"
"1",112526,"Bartolo Colon"
"2",276542,"Joaqu√≠n Benoit"
"3",279571,"Matt Belisle"
"4",282332,"CC Sabathia"
"5",407822,"Jorge De La Rosa"
"6",407845,"Fernando Rodney"
"7",408061,"Francisco Rodr√≠guez"
"8",408314,"Jos√© Reyes"
"9",424144,"Oliver P√©rez"
"10",425492,"Ryan Madson"
"11",425772,"Jeff Mathis"
"12",425794,"Adam Wainwright"
"13",425844,"Zack Greinke"
"14",429719,"Edwin Jackson"
"15",429722,"Ervin Santana"
"16",0.306,""
"17",430641,"Blaine Boyer"
"18",430661,"Dustin McGowan"
"19",430935,"Cole Hamels"
"20",431148,"Scott Kazmir"
"21",432934,"Chris Young"
"22",433586,"Santiago Casilla"
"23",433587,"F√©lix Hern√°ndez"
"24",433587,"An√≠bal S√°nchez"
"25",433587,"Ram√≠rez, Jos√©"
"26",433589,"Yusmeiro Petit"
"27",434378,"Justin Verlander"
"28",434538,"Francisco Liriano"
"29",434628,"Jason Hammel"
"30",434671,"An√≠bal S√°nchez"
"31",434671,"F√©lix Hern√°ndez"
"32",434671,"Gonz√°lez, Erik"
"33",434778,"Kendrys Morales"
"34",435043,"Zach Duke"
"35",435221,"Brandon McCarthy"
"36",435400,"Jason Motte"
"37",444468,"H√©ctor Rond√≥n"
"38",444520,"Craig Breslow"
"39",445060,"Ricky Nolasco"
"40",445197,"Mike Dunn"
"41",445213,"Brandon Kintzler"
"42",445276,"Kenley Jansen"
"43",445926,"Jesse Chavez"
"44",446099,"John Axford"
"45",446321,"Ross Detwiler"
"46",446372,"Corey Kluber"
"47",446386,"Brandon Guyer"
"48",446399,"Brett Cecil"
"49",446899,"Brad Ziegler"
"50",447755,"Steve Delabar"
"51",448159,"Manny Parra"
"52",448167,"Brandon Mann"
"53",448178,"Kevin Jepsen"
"54",448179,"Rich Hill"
"55",448281,"Sean Doolittle"
"56",448306,"James Shields"
"57",448602,"Mark Reynolds"
"58",448609,"Tony Sipp"
"59",448614,"Carlos Torres"
"60",448802,"Jaime Garc√≠a"
"61",448855,"Junior Guerra"
"62",450203,"Charlie Morton"
"63",450212,"Pat Neshek"
"64",450275,"Mark Lowe"
"65",450306,"Jason Vargas"
"66",450665,"Kris Medlen"
"67",450729,"Doug Fister"
"68",451584,"Wade Davis"
"69",451596,"Yovani Gallardo"
"70",451661,"Josh Fields"
"71",451775,"Fernando Rodriguez"
"72",452657,"Jon Lester"
"73",452666,"Tom Wilhelmsen"
"74",453172,"Jared Hughes"
"75",453178,"Ian Kennedy"
"76",453192,"Andrew Miller"
"77",453214,"Steven Wright"
"78",453265,"Tony Watson"
"79",453281,"Wade LeBlanc"
"80",453284,"Blake Parker"
"81",453286,"Max Scherzer"
"82",453329,"Clay Buchholz"
"83",453343,"Mark Melancon"
"84",453344,"Brandon Morrow"
"85",453385,"Clayton Richard"
"86",453562,"Jake Arrieta"
"87",455119,"Chris Martin"
"88",455374,"Antonio Bastardo"
"89",456034,"David Price"
"90",456068,"Miguel Gonz√°lez"
"91",456124,"Erik Kratz"
"92",456167,"A. J. Griffin"
"93",456379,"Al Alburquerque"
"94",456501,"Johnny Cueto"
"95",456696,"David Hernandez"
"96",456701,"Homer Bailey"
"97",456713,"Matt Bush"
"98",457117,"Ernesto Frieri"
"99",457422,"Tim Dillard"
"100",457429,"Boone Logan"
"101",457754,"Jon Edwards"
"102",457786,"Anthony Vasquez"
"103",457915,"Javy Guerra"
"104",457918,"J. A. Happ"
"105",458006,"Matt Albers"
"106",458530,"Erik Davis"
"107",458584,"Xavier Cede√±o"
"108",458677,"Justin Wilson"
"109",458678,"Mike Broadway"
"110",458681,"Lance Lynn"
"111",458690,"Chris Volstad"
"112",458708,"Josh Tomlin"
"113",458924,"Jonny Venters"
"114",459429,"Jake McGee"
"115",459987,"Ces√°r Ramos"
"116",460060,"Cliff Pennington"
"117",460077,"Drew Butera"
"118",460269,"Chris Gimenez"
"119",460283,"Jerry Blevins"
"120",460576,"Carlos G√≥mez"
"121",460701,"James Russell"
"122",461325,"Tyler Clippard"
"123",461829,"Gio Gonzalez"
"124",461833,"Phil Hughes"
"125",461865,"Andrew Romine"
"126",461872,"Anthony Swarzak"
"127",462110,"Robert Z√°rate"
"128",462136,"Marco Estrada"
"129",462382,"Jim Johnson"
"130",462480,"Rhiner Cruz"
"131",462515,"Miguel Socolovich"
"132",465629,"Edward Mujica"
"133",465657,"Joakim Soria"
"134",465753,"Pedro Florim√≥n Jr."
"135",467008,"Pedro Strop"
"136",467055,"Pablo Sandoval"
"137",467100,"Iv√°n Nova"
"138",467785,"Radhames Liz"
"139",468396,"Alexi Ogando"
"140",468504,"Jhoulys Chac√≠n"
"141",471822,"Jumbo Diaz"
"142",471911,"Carlos Carrasco"
"143",472551,"Fernando Abad"
"144",472610,"Luis Garc√≠a"
"145",473879,"Sam Dyson"
"146",474039,"Pedro Beato"
"147",474463,"Brett Anderson"
"148",474699,"Vance Worley"
"149",475054,"Chaz Roe"
"150",475115,"Tyson Ross"
"151",475243,"Travis Wood"
"152",475479,"David Phelps"
"153",475857,"Ryan Cook"
"154",476451,"Jeremy Hellickson"
"155",476454,"Dellin Betances"
"156",476589,"Adam Warren"
"157",476594,"Robert Stock"
"158",477132,"Clayton Kershaw"
"159",477569,"Fernando Salas"
"160",487675,"Edward Paredes"
"161",488671,"Alex Avila"
"162",488748,"Ryan Buchter"
"163",488768,"Andrew Cashner"
"164",488786,"Louis Coleman"
"165",488818,"Chase d'Arnaud"
"166",488846,"Brian Duensing"
"167",488984,"Tommy Hunter"
"168",489119,"Wade Miley"
"169",489265,"Sergio Romo"
"170",489295,"Brian Schlitter"
"171",489334,"Craig Stammen"
"172",489446,"Kirby Yates"
"173",489448,"Mike Zagurski"
"174",491646,"Jeanmar G√≥mez"
"175",491646,"J. C. Ram√≠rez"
"176",491696,"Jes√∫s Sucre"
"177",491703,"Neftal√≠ Feliz"
"178",493200,"Seunghwan Oh"
"179",493247,"Peter Moylan"
"180",493603,"Adam Ottavino"
"181",500610,"Deolis Guerra"
"182",500724,"J. C. Ram√≠rez"
"183",500779,"Jos√© Quintana"
"184",500779,"D√≠az"
"185",-0.039,""
"186",500872,"Greg Infante"
"187",501320,"Jose Flores"
"188",501563,"Simon Castro"
"189",501593,"Luis Avil√°n"
"190",501625,"Jose Alvarez"
"191",501697,"Jhan Mari√±ez"
"192",501789,"Will Harris"
"193",501817,"Tony Barnette"
"194",501822,"Chris Hatcher"
"195",501925,"Joe Smith"
"196",0,""
"197",501957,"Chris Tillman"
"198",501985,"Mike Minor"
"199",501992,"Nate Karns"
"200",502004,"George Kontos"
"201",502011,"Preston Claiborne"
"202",502026,"Jeremy Jeffress"
"203",502028,"Blake Wood"
"204",502032,"Bud Norris"
"205",502042,"Chris Archer"
"206",502043,"Kyle Gibson"
"207",502051,"Josh Ravin"
"208",502083,"Zach McAllister"
"209",502085,"David Robertson"
"210",502130,"Dan Runzler"
"211",502143,"Danny Valencia"
"212",502154,"Zack Britton"
"213",502171,"Alex Cobb"
"214",502179,"Paolo Espino"
"215",502188,"Jeff Samardzija"
"216",502190,"Mike Leake"
"217",502202,"Brad Boxberger"
"218",502212,"Austin Bibens-Dirkx"
"219",502239,"Trevor Cahill"
"220",502304,"David Carpenter"
"221",502327,"H√©ctor Santiago"
"222",502381,"Luke Gregerson"
"223",502522,"Justin Miller"
"224",502593,"Jake Petricka"
"225",502624,"Chase Anderson"
"226",502706,"Derek Holland"
"227",502748,"Brad Peacock"
"228",503285,"Darren O'Day"
"229",503449,"Wily Peralta"
"230",504379,"Juan Nicasio"
"231",506433,"Yu Darvish"
"232",516472,"Francisco Arcia"
"233",516714,"Dario Alvarez"
"234",516910,"Carlos Fr√≠as"
"235",516969,"Kelvin Herrera"
"236",517008,"Alex Colom√©"
"237",517414,"Randall Delgado"
"238",518397,"Scott Alexander"
"239",518418,"Phillippe Aumont"
"240",518435,"Manny Barreda"
"241",518445,"Chad Bell"
"242",518452,"Chad Bettis"
"243",518468,"Michael Blazek"
"244",518489,"Ryan Brasier"
"245",518516,"Madison Bumgarner"
"246",518553,"Steve Cishek"
"247",518566,"Taylor Cole"
"248",518582,"Casey Crosby"
"249",518586,"Charlie Culberson"
"250",518603,"Justin De Fratus"
"251",518614,"Daniel Descalso"
"252",518617,"Jake Diekman"
"253",518633,"Danny Duffy"
"254",518691,"Parker Frazier"
"255",518693,"Sam Freeman"
"256",518715,"Cory Gearrin"
"257",518748,"Justin Grimm"
"258",518774,"Matt Harvey"
"259",518782,"Johnny Hellweg"
"260",518790,"Chris Heston"
"261",518813,"Greg Holland"
"262",518852,"Eric Jokisch"
"263",518858,"Nate Jones"
"264",518875,"Shawn Kelley"
"265",518883,"Dean Kiekhefer"
"266",518886,"Craig Kimbrel"
"267",518927,"Tommy Layne"
"268",519008,"T. J. McFarland"
"269",519043,"Matt Moore"
"270",519096,"Dan Otero"
"271",519141,"Drew Pomeranz"
"272",519144,"Rick Porcello"
"273",519151,"Ryan Pressly"
"274",519166,"Neil Ram√≠rez"
"275",519166,"Neil Ramrela"
"276",519203,"Anthony Rizzo"
"277",519222,"Austin Romine"
"278",519240,"Marc Rzepczynski"
"279",519242,"Chris Sale"
"280",519267,"Evan Scribner"
"281",519293,"Will Smith"
"282",519294,"Josh Smoker"
"283",519295,"Jake Smolinski"
"284",519296,"Forrest Snow"
"285",519301,"Sammy Sol√≠s"
"286",519326,"Hunter Strickland"
"287",519381,"Pat Venditte"
"288",519393,"Marcus Walden"
"289",519443,"Brandon Workman"
"290",519455,"Jordan Zimmermann"
"291",520980,"Pedro B√°ez"
"292",520980,"Alex Col°ez"
"293",521230,"Liam Hendriks"
"294",521655,"Wilmer Font"
"295",523260,"Joe Kelly"
"296",523848,"Jos√© Dom√≠nguez"
"297",525768,"Tim Collins"
"298",527048,"Mart√≠n P√©rez"
"299",527054,"Julio Teheran"
"300",527055,"Arodys Vizca√≠no"
"301",532077,"Roberto Osuna"
"302",533167,"Matt Shoemaker"
"303",534606,"Ryan LaMarre"
"304",534812,"Kevin Quackenbush"
"305",534910,"Jesse Hahn"
"306",541640,"Erasmo Ram√≠rez"
"307",541640,"Erasmo Ram√dr√∫"
"308",541650,"Hern√°n P√©rez"
"309",541650,"Neil Ram√≠rez"
"310",541652,"Bruce Rond√≥n"
"311",542289,"Daniel Corcino"
"312",542432,"Jos√© Ram√≠rez"
"313",542609,"Enrique Burgos"
"314",542669,"Roman Mendez"
"315",542881,"Tyler Anderson"
"316",542882,"Matt Andriese"
"317",542888,"Shawn Armstrong"
"318",542914,"Anthony Bass"
"319",542924,"Jeff Beliveau"
"320",542946,"Jeremy Bleich"
"321",542947,"Richard Bleier"
"322",542953,"Buddy Boshers"
"323",542960,"Brad Brach"
"324",543001,"Ryan Carpenter"
"325",543022,"Tyler Chatwood"
"326",543031,"Tyler Cloyd"
"327",543037,"Gerrit Cole"
"328",543045,"Adam Conley"
"329",543056,"Danny Coulombe"
"330",543074,"Malcom Culver"
"331",543101,"Anthony DeSclafani"
"332",543118,"Oliver Drake"
"333",543135,"Nathan Eovaldi"
"334",543144,"Danny Farquhar"
"335",543155,"Stephen Fife"
"336",543169,"Brian Flynn"
"337",543193,"Drew Gagnon"
"338",543208,"Sam Gaviglio"
"339",543219,"Sean Gilmartin"
"340",543238,"Anthony Gose"
"341",543243,"Sonny Gray"
"342",543258,"Preston Guilmet"
"343",543261,"Jason Gurka"
"344",543266,"Bradin Hagens"
"345",543272,"Brad Hand"
"346",543278,"Blaine Hardy"
"347",543280,"Bryan Harper"
"348",543294,"Kyle Hendricks"
"349",543331,"J. J. Hoover"
"350",543334,"T. J. House"
"351",543339,"Daniel Hudson"
"352",543357,"Jordan Jankowski"
"353",543359,"Dan Jennings"
"354",543391,"Casey Kelly"
"355",543408,"Tom Koehler"
"356",543424,"John Lamb"
"357",543475,"Jordan Lyles"
"358",543483,"Matt Magill"
"359",543506,"Brandon Maurer"
"360",543507,"Trevor May"
"361",543508,"Cory Mazzoni"
"362",543518,"Scott McGough"
"363",543521,"Collin McHugh"
"364",543532,"Tim Melville"
"365",543548,"Tommy Milone"
"366",543557,"Mike Montgomery"
"367",543606,"Jake Odorizzi"
"368",543639,"David Peterson"
"369",543652,"Tyler Pill"
"370",543677,"Matt Ramsey"
"371",543699,"Tanner Roark"
"372",543726,"Robbie Ross"
"373",543734,"Chris Rusin"
"374",543746,"Rob Scahill"
"375",543766,"Bryan Shaw"
"376",543779,"Kevin Siegrist"
"377",543883,"Nick Vincent"
"378",543901,"Ryan Weber"
"379",543903,"Allen Webster"
"380",543935,"Alex Wilson"
"381",543944,"Austin Wright"
"382",544150,"Albert Su√°rez"
"383",544365,"Manny Banuelos"
"384",544727,"Jeurys Familia"
"385",544759,"Bo Schultz"
"386",544836,"Enny Romero"
"387",544928,"Tyler Lyons"
"388",544931,"Stephen Strasburg"
"389",545064,"Jairo D√≠az"
"390",545332,"Jake Barrett"
"391",545333,"Trevor Bauer"
"392",545343,"Louis Head"
"393",545357,"Matt Purke"
"394",545363,"Jacob Turner"
"395",547007,"Robert Whalen"
"396",547176,"Dan Camarena"
"397",547177,"Phil Pfeifer"
"398",547179,"Michael Lorenzen"
"399",547184,"Michael Kelly"
"400",547348,"C. C. Lee"
"401",547749,"Junichi Tazawa"
"402",547888,"Masahiro Tanaka"
"403",547943,"Hyun Jin Ryu"
"404",547973,"Aroldis Chapman"
"405",548357,"Christian Bergman"
"406",548389,"Ross Stripling"
"407",552640,"Andrew Kittredge"
"408",553878,"Felipe V√°zquez"
"409",553883,"Vicente Campos"
"410",553902,"Willians Astudillo"
"411",554340,"Yimi Garcia"
"412",554430,"Zack Wheeler"
"413",570145,"Ismael Gull√≥n"
"414",570240,"F√©lix Pe√±a"
"415",570240,"F√©lix Pucre"
"416",570257,"Joely Rodr√≠guez"
"417",570632,"Jos√© Ure√±a"
"418",570632,"Jos√© Osuna"
"419",570663,"Hansel Robles"
"420",570666,"Luis Cessa"
"421",570702,"Carlos Ramirez"
"422",570714,"C√©sar Vargas"
"423",571035,"William Cuevas"
"424",571439,"R. J. Alvarez"
"425",571473,"Buddy Baumann"
"426",571474,"DJ Baxendale"
"427",571476,"Chris Beck"
"428",571510,"Matt Boyd"
"429",571521,"Rex Brothers"
"430",571561,"Tony Cingrani"
"431",571577,"Scott Copeland"
"432",571578,"Patrick Corbin"
"433",571602,"Matt Davidson"
"434",571616,"Matt Dermody"
"435",571656,"Buck Farmer"
"436",571666,"Mike Fiers"
"437",571670,"Dylan Floro"
"438",571704,"Ken Giles"
"439",571710,"Mychal Givens"
"440",571735,"David Hale"
"441",571751,"Jordan Harrison"
"442",571760,"Andrew Heaney"
"443",571771,"Enrique Hern√°ndez"
"444",571787,"David Holmberg"
"445",571798,"David Hurlbut"
"446",571800,"Drew Hutchison"
"447",571825,"James Jones"
"448",571863,"Matt Koch"
"449",571871,"Ian Krol"
"450",571882,"Derek Law"
"451",571893,"Adam Liberatore"
"452",571901,"Aaron Loup"
"453",571911,"Damien Magnifico"
"454",571927,"Steven Matz"
"455",571945,"Miles Mikolas"
"456",571946,"Shelby Miller"
"457",571948,"Hoby Milner"
"458",571951,"Bryan Mitchell"
"459",571993,"Chris Nunn"
"460",572020,"James Paxton"
"461",572021,"James Pazos"
"462",572038,"Branden Pinder"
"463",572044,"Brooks Pounders"
"464",572070,"Garrett Richards"
"465",572082,"Andrew Robinson"
"466",572140,"Tyler Skaggs"
"467",572143,"Burch Smith"
"468",572166,"John Stilson"
"469",572193,"Ryan Tepera"
"470",572283,"Madison Younginer"
"471",572308,"Jos√© V√°ldez"
"472",572362,"Robbie Erlin"
"473",572383,"Brian Moran"
"474",572403,"Drew VerHagen"
"475",572687,"Tristan Archer"
"476",572703,"Luke Bard"
"477",572728,"Michael Brady"
"478",572750,"Eddie Butler"
"479",572831,"Josh Edgin"
"480",572888,"Shane Greene"
"481",572934,"Austin House"
"482",572955,"Pierce Johnson"
"483",572971,"Dallas Keuchel"
"484",572998,"Josh Lucas"
"485",573016,"Kyle Martin"
"486",573046,"Mike Morin"
"487",573064,"Vidal Nu√±o"
"488",573109,"AJ Ramos"
"489",573124,"Taylor Rogers"
"490",573127,"Zac Rosscup"
"491",573166,"Murphy Smith"
"492",573185,"Dan Straily"
"493",573186,"Marcus Stroman"
"494",573204,"Caleb Thielbar"
"495",573244,"Adam Wilk"
"496",573667,"Todd Van Steensel"
"497",573668,"Juan Minaya"
"498",576397,"Jedd Gyorko"
"499",580792,"Nick Goody"
"500",582494,"Robby Scott"
"501",584171,"Hector Vel√°zquez"
"502",591672,"Osmer Morales"
"503",591693,"Edubray Ramos"
"504",592094,"Jason Adam"
"505",592102,"Cody Allen"
"506",592120,"Barrett Astin"
"507",592127,"Johnny Barbato"
"508",592130,"Danny Barnes"
"509",592135,"Cam Bedrosian"
"510",592138,"Kirby Bellow"
"511",592145,"Jesse Biddle"
"512",592165,"Brandon Brennan"
"513",592169,"Austin Brice"
"514",592170,"Parker Bridwell"
"515",592222,"Alex Claudio"
"516",592229,"Dylan Covey"
"517",592233,"Stefan Crichton"
"518",592238,"Brandon Cumpton"
"519",592254,"Jos√© De Le√≥n"
"520",592288,"Kent Emanuel"
"521",592295,"James Farris"
"522",592306,"Conor Fisk"
"523",592314,"Mike Foltynewicz"
"524",592329,"Jason Garc√≠a"
"525",592330,"Perci Garner"
"526",592332,"Kevin Gausman"
"527",592340,"Erik Goeddel"
"528",592341,"David Goforth"
"529",592351,"Jon Gray"
"530",592390,"Heath Hembree"
"531",592407,"Bryan Holaday"
"532",592422,"Jason Hursh"
"533",592426,"Luke Jackson"
"534",592448,"Tyler Jones"
"535",592454,"Tommy Kahnle"
"536",592468,"Nick Kingham"
"537",592473,"Adam Kolarek"
"538",592499,"Artie Lewicki"
"539",592527,"Michael Mariot"
"540",592547,"Deck McGuire"
"541",592570,"Akeel Morris"
"542",592593,"Justin Nicolino"
"543",592612,"Josh Osich"
"544",592644,"Adam Plutko"
"545",592662,"Robbie Ray"
"546",592665,"Addison Reed"
"547",592705,"Nick Rumbelow"
"548",592712,"Connor Sadzeck"
"549",592716,"Adrian Sampson"
"550",592717,"Aaron Sanchez"
"551",592741,"Chasen Shreve"
"552",592753,"Dan Slania"
"553",592761,"Caleb Smith"
"554",592769,"D. J. Snelten"
"555",592773,"Ryne Stanek"
"556",592779,"Brock Stewart"
"557",592789,"Noah Syndergaard"
"558",592791,"Jameson Taillon"
"559",592804,"Tyler Thornburg"
"560",592811,"Andrew Triggs"
"561",592815,"Sam Tuivailala"
"562",592826,"Vince Velasquez"
"563",592833,"Bobby Wahl"
"564",592836,"Taijuan Walker"
"565",592848,"Zack Weiss"
"566",592858,"Rowan Wick"
"567",592865,"Taylor Williams"
"568",592866,"Trevor Williams"
"569",592872,"Alex Wimmers"
"570",592874,"Tom Windle"
"571",592879,"Asher Wojciechowski"
"572",593140,"Michael Feliz"
"573",593144,"Richard Rodr√≠guez"
"574",593333,"Esmerling De La Rosa"
"575",593334,"Domingo Germ√°n"
"576",593340,"Joan Gregorio"
"577",593372,"Carlos Martinez"
"578",593417,"Ra√∫l Alc√°ntara"
"579",593423,"Frankie Montas"
"580",593574,"Luis Gonzalez"
"581",593576,"H√©ctor Neris"
"582",593604,"Alberto Baldonado"
"583",593679,"Gabriel Ynoa"
"584",593833,"Wander Suero"
"585",593958,"Eduardo Rodriguez"
"586",593969,"Jayson Aquino"
"587",593974,"Wandy Peralta"
"588",593977,"Johend√≠ Jiminian"
"589",594027,"Tayron Guerrero"
"590",594056,"Reymin Guduan"
"591",594577,"Mike Mayers"
"592",594580,"Sam Moll"
"593",594742,"Alec Asher"
"594",594760,"Aaron Blair"
"595",594772,"Jake Buchanan"
"596",594798,"Jacob deGrom"
"597",594815,"Jeff Ferrell"
"598",594824,"Greg Garcia"
"599",594835,"Marco Gonzales"
"600",594840,"Matt Grace"
"601",594867,"Myles Jaye"
"602",594902,"Ben Lively"
"603",594943,"Zach Neal"
"604",594965,"Daniel Ponce de Leon"
"605",594986,"Kyle Ryan"
"606",594987,"Casey Sadler"
"607",594992,"Kevin Shackelford"
"608",595014,"Blake Treinen"
"609",595032,"Chase Whitley"
"610",595145,"James Buckelew"
"611",595191,"Jerad Eickhoff"
"612",595219,"David Garner"
"613",595234,"Justin Haley"
"614",595235,"Cody Hall"
"615",595237,"Ryan Halstead"
"616",595260,"Dusty Isaacs"
"617",595307,"Seth Maness"
"618",595316,"Jake McCasland"
"619",595345,"Steven Okert"
"620",595411,"Ryan Sherriff"
"621",595465,"Dan Winkler"
"622",595798,"R. J. Alaniz"
"623",595881,"Tyler Beede"
"624",595892,"Sam Bragg"
"625",595897,"Nick Burdi"
"626",595918,"A. J. Cole"
"627",595919,"Kevin Comer"
"628",595928,"John Curtiss"
"629",595966,"John Gorman"
"630",595995,"Andrew Istler"
"631",596001,"Jakob Junis"
"632",596027,"Dillon Maples"
"633",596043,"Daniel Mengden"
"634",596049,"Shawn Morimando"
"635",596057,"Daniel Norris"
"636",596064,"Henry Owens"
"637",596071,"Dillon Peters"
"638",596074,"Bobby Poyner"
"639",596082,"Jake Reed"
"640",596101,"Justin Shafer"
"641",596111,"Jordan Stephens"
"642",596112,"Robert Stephenson"
"643",596133,"Luke Weaver"
"644",596271,"Casey Lawrence"
"645",596295,"Austin Gomber"
"646",596451,"Roman Quinn"
"647",596720,"Dovydas Neverauskas"
"648",596816,"Roberto G√≥mez"
"649",597113,"DJ Johnson"
"650",598264,"Matt Barnes"
"651",-0.351,""
"652",598271,"Brian Johnson"
"653",598286,"Nick Ramirez"
"654",598287,"No√© Ramirez"
"655",598287,"Jos√© Abreu"
"656",599683,"Warwick Saupold"
"657",600011,"Daniel McGrath"
"658",600301,"Taylor Motter"
"659",600303,"Tommy La Stella"
"660",600355,"Tyler Herb"
"661",600887,"Miguel Del Pozo"
"662",600917,"Jos√© Leclerc"
"663",600921,"Andres Machado"
"664",600944,"David Paulino"
"665",600965,"Ricardo Rodr√≠guez"
"666",600968,"Randy Rosario"
"667",600986,"Thyago Vieira"
"668",601713,"Nick Pivetta"
"669",602083,"Miguel Almonte"
"670",602718,"Daury Torrez"
"671",602928,"Felix Jorge"
"672",605121,"Justin Anderson"
"673",605130,"Scott Barlow"
"674",605135,"Chris Bassitt"
"675",605143,"Ray Black"
"676",605151,"Archie Bradley"
"677",605154,"John Brebbia"
"678",605155,"Colten Brewer"
"679",605156,"Aaron Brooks"
"680",605164,"Dylan Bundy"
"681",605169,"Carter Capps"
"682",605170,"Victor Caratini"
"683",605177,"Andrew Chafin"
"684",605182,"Mike Clevinger"
"685",605194,"Jharel Cotton"
"686",605195,"Kyle Crick"
"687",605200,"Zach Davies"
"688",605204,"J. D. Davis"
"689",605218,"Carl Edwards Jr."
"690",605226,"Andrew Faulkner"
"691",605232,"Brandon Finnegan"
"692",605240,"Jace Fry"
"693",605242,"Michael Fulmer"
"694",605254,"Daniel Gossett"
"695",605255,"Brett Graves"
"696",605260,"Taylor Guerrieri"
"697",605276,"David Hess"
"698",605280,"Clay Holmes"
"699",605288,"Adrian Houser"
"700",605300,"Chris Jensen"
"701",605301,"Williams Jerez"
"702",605309,"Keone Kela"
"703",605333,"Jack Leathersich"
"704",605335,"Brandon Leibrandt"
"705",605347,"Jorge L√≥pez"
"706",605347,"Jorge L√Carl"
"707",605359,"Evan Marshall"
"708",605368,"Mason McCullough"
"709",605384,"Mark Montgomery"
"710",605388,"Adam Morgan"
"711",605396,"Colton Murray"
"712",605397,"Joe Musgrove"
"713",605400,"Aaron Nola"
"714",-0.056,""
"715",605428,"Max Povse"
"716",605441,"Yacksel R√≠os"
"717",605446,"Dereck Rodr√≠guez"
"718",605447,"Jordan Romano"
"719",605452,"Joe Ross"
"720",605463,"Tayler Scott"
"721",605469,"Chandler Shepherd"
"722",605476,"Carson Smith"
"723",605479,"Josh Smith"
"724",605482,"Cy Sneed"
"725",605483,"Blake Snell"
"726",605486,"Cory Spangenberg"
"727",605488,"Jeffrey Springs"
"728",605498,"Andrew Su√°rez"
"729",605501,"Stephen Tarpley"
"730",605513,"Spencer Turnbull"
"731",605521,"Art Warren"
"732",605525,"J. B. Wendelken"
"733",605538,"Matt Wisler"
"734",605540,"Brandon Woodruff"
"735",605541,"Mike Wright"
"736",605894,"Severino Gonz√°lez"
"737",606127,"Jose Rafael De Paula"
"738",606131,"Luis Perdomo"
"739",606149,"Giovanny Gallegos"
"740",606160,"Rafael Montero"
"741",606162,"Yefry Ram√≠rez"
"742",606167,"Adalberto Mej√≠a"
"743",606226,"Angel Ventura"
"744",606273,"Roenis El√≠as"
"745",606424,"Jarl√≠n Garc√≠a"
"746",606478,"Pedro Ara√∫jo"
"747",606625,"Reyes Moronta"
"748",606930,"Jacob Barnes"
"749",606939,"Aaron Brown"
"750",606944,"Cody Carroll"
"751",606965,"Chris Devenski"
"752",606983,"Koda Glover"
"753",606995,"Justin Hancock"
"754",606996,"Kyle Hart"
"755",607030,"Adam McCreery"
"756",607054,"Jace Peterson"
"757",607074,"Carlos Rod√≥n"
"758",607170,"Brady Dragmire"
"759",607171,"Chaz Hebert"
"760",607185,"Clayton Blackburn"
"761",607188,"Jake Faria"
"762",607192,"Tyler Glasnow"
"763",607200,"Erick Fedde"
"764",607215,"Eric Skoglund"
"765",607216,"Joey Krehbiel"
"766",607219,"Sal Romano"
"767",607225,"Jordan Foley"
"768",607229,"Robert Gsellman"
"769",607231,"John Gant"
"770",607237,"Amir Garrett"
"771",607294,"Josh Martin"
"772",607320,"Ryan Merritt"
"773",607352,"Joe Biagini"
"774",607374,"Nick Tropeano"
"775",607387,"Ryan Rua"
"776",607391,"Chris Mazza"
"777",607455,"Anthony Banda"
"778",607457,"Kyle Barraclough"
"779",607468,"Alex Blandino"
"780",607473,"Chase Bradford"
"781",607481,"Aaron Bummer"
"782",607536,"Kyle Freeland"
"783",607560,"Ryne Harper"
"784",607572,"Sam Howard"
"785",607625,"Seth Lugo"
"786",607644,"John Means"
"787",607706,"Michael Roth"
"788",607755,"Andrew Vasquez"
"789",607968,"Drew Rucinski"
"790",608167,"Jonathan Aro"
"791",608328,"Chase De Jong"
"792",608331,"Max Fried"
"793",608334,"Carson Fulmer"
"794",608337,"Lucas Giolito"
"795",608344,"Cole Irvin"
"796",608349,"Corey Knebel"
"797",608355,"Yuhei Nakaushiro"
"798",608371,"Lucas Sims"
"799",608379,"Michael Wacha"
"800",608566,"Germ√°n M√°rquez"
"801",608601,"Luis Santos"
"802",608638,"J. T. Chargois"
"803",608648,"Tyler Duffey"
"804",608652,"Luke Farrell"
"805",608654,"Johnny Field"
"806",608665,"Kendall Graveman"
"807",608678,"Dominic Leone"
"808",608698,"Stephen Perakslis"
"809",608716,"Drew Steckenrider"
"810",608717,"Chris Stratton"
"811",608718,"Brent Suter"
"812",608723,"Austin Voth"
"813",608741,"Ranfi Casimiro"
"814",611093,"Silvino Bracho"
"815",612434,"Miguel Castro"
"816",612672,"Wei-Yin Chen"
"817",612792,"Jes√∫s Castillo"
"818",613317,"Kyle Bird"
"819",613534,"Austin Adams"
"820",614179,"Jos√© Ruiz"
"821",615698,"Cal Quantrill"
"822",616623,"Edwin Fierro"
"823",620145,"Estarlin Arias"
"824",620454,"Jos√© Castillo"
"825",620454,"Jos√© Berr√≠os"
"826",620982,"Ricardo Pinto"
"827",621002,"Daniel Robertson"
"828",621044,"Jesmuel Valent√≠n"
"829",621050,"Josh Graham"
"830",621052,"Alex Reyes"
"831",621056,"Hunter Wood"
"832",621058,"Andrew Moore"
"833",621066,"Mitch Brown"
"834",621068,"Riley Ferrell"
"835",621078,"Brady Lail"
"836",621088,"Bryan Bonnell"
"837",621089,"Jos√© Mesa"
"838",621094,"Jamie Callahan"
"839",621098,"Eric Hanhold"
"840",621103,"Teddy Stankiewicz"
"841",621106,"Zach Jemiola"
"842",621107,"Zach Eflin"
"843",621111,"Walker Buehler"
"844",621112,"Paul Blackburn"
"845",621114,"Ryan Burr"
"846",621121,"Lance McCullers Jr."
"847",621141,"Walker Lockett"
"848",621142,"Ty Buttrey"
"849",621169,"Tyler Eppler"
"850",621173,"Dylan Baker"
"851",621194,"Nick Pasquale"
"852",621199,"Matthew Bowman"
"853",621200,"Dillon McNamara"
"854",621219,"Alec Mills"
"855",621237,"Jos√© Alvarado"
"856",621237,"Rond√≥n, Jos√©"
"857",621242,"Edwin D√≠az"
"858",621244,"Jos√© Berr√≠os"
"859",621244,"Ronald Guzm√°n"
"860",621249,"Duane Underwood"
"861",621261,"Corey Oswalt"
"862",621289,"Jaime Schultz"
"863",621294,"Ben Heller"
"864",621295,"Nick Wittgren"
"865",621345,"A. J. Minter"
"866",621350,"Caleb Frare"
"867",621356,"Jordan Minch"
"868",621363,"Colin Poche"
"869",621366,"Ryan Borucki"
"870",621381,"Matt Strahm"
"871",621385,"Daniel Stumpf"
"872",621389,"Ty Blach"
"873",621394,"Colton Turner"
"874",621397,"Tyler Olson"
"875",621399,"Brady Feigl"
"876",621592,"Eduardo Jim√©nez"
"877",622072,"Alex Wood"
"878",622075,"Yency Almonte"
"879",622092,"Kyle Zimmer"
"880",622097,"Jake Thompson"
"881",622098,"Drew Smith"
"882",622161,"Eduardo Paredes"
"883",622217,"Chris O'Grady"
"884",622234,"Shane Broyles"
"885",622246,"Bubba Derby"
"886",622247,"Jon Harris"
"887",622250,"Josh Sborz"
"888",622251,"Josh Staumont"
"889",622253,"Dillon Tate"
"890",622259,"Trey Wingenter"
"891",622338,"Jes√∫s Liranzo"
"892",622365,"Anfernee Benitez"
"893",622382,"Gabriel Moya"
"894",622446,"Jefry Rodriguez"
"895",622491,"Luis Castillo"
"896",622492,"Keury Mella"
"897",622505,"Victor Alc√°ntara"
"898",622505,"Garc√≠a"
"899",0.039,""
"900",622506,"Marcos Molina"
"901",622554,"Seranthony Dom√≠nguez"
"902",622554,"Seranthony rera"
"903",622608,"Antonio Senzatela"
"904",622663,"Luis Severino"
"905",622694,"Elieser Hernandez"
"906",622766,"Miguel Diaz"
"907",622772,"Jimmy Cordero"
"908",622774,"Jos√© Fern√°ndez"
"909",622783,"Sandy B√°ez"
"910",622795,"Yohander M√©ndez"
"911",622864,"Fernando Romero"
"912",623149,"Paul Sewald"
"913",623167,"Chris Flexen"
"914",623184,"Scott Oberg"
"915",623352,"Josh Hader"
"916",623354,"Daniel Zamora"
"917",623364,"Brad Wieck"
"918",623381,"Thomas Pannone"
"919",623395,"Brian Ellington"
"920",623402,"Tim Peterson"
"921",623406,"Shae Simmons"
"922",623430,"Ryan Dull"
"923",623433,"Nick Anderson"
"924",623434,"Mike Hauschild"
"925",623442,"Michael Dimock"
"926",623447,"D. J. Brown"
"927",623451,"Jackson Stephens"
"928",623454,"Drew Anderson"
"929",623465,"Evan Phillips"
"930",623470,"Jake Newberry"
"931",623474,"Jimmy Herget"
"932",623489,"Keaton Steele"
"933",624133,"Ranger Su√°rez"
"934",624354,"Ryne Slack"
"935",624418,"Ryan Castellani"
"936",624420,"Ian Clarkin"
"937",624421,"David Berg"
"938",624427,"Stephen Gonsalves"
"939",624575,"Joshua Torres"
"940",624586,"James Hoyt"
"941",624636,"Carlos Tocci"
"942",625643,"Reynaldo L√≥pez"
"943",626929,"Lewis Thorpe"
"944",627262,"Chris Smith"
"945",627500,"Jen-Ho Tseng"
"946",627894,"Luiz Gohara"
"947",628317,"Kenta Maeda"
"948",628318,"Kazuhisa Makita"
"949",628333,"Odrisamer Despaigne"
"950",628452,"Raisel Iglesias"
"951",628711,"Julio Ur√≠as"
"952",629496,"Chih-Wei Hu"
"953",629500,"Williams Ramirez"
"954",630023,"Yonny Chirinos"
"955",635903,"Chris Rowley"
"956",639373,"Gerson Bautista"
"957",640441,"Trey Ball"
"958",640447,"Phil Ervin"
"959",640448,"Kyle Finnegan"
"960",640451,"Hunter Harvey"
"961",640455,"Sean Manaea"
"962",640462,"A. J. Puk"
"963",640463,"Braden Shipley"
"964",640464,"Kohl Stewart"
"965",640485,"Alexis Rivero"
"966",641149,"Wes Parsons"
"967",641154,"Pablo L√≥pez"
"968",641341,"Tyler Bashlor"
"969",641350,"Cody Beckman"
"970",641427,"Alan Busenitz"
"971",641438,"Shane Carle"
"972",641455,"Andrew Church"
"973",641482,"Nestor Cortes"
"974",641483,"Cale Coshow"
"975",641490,"Kyle Crockett"
"976",641501,"Tyler Danish"
"977",641525,"Brandon Dixon"
"978",641540,"Dane Dunning"
"979",641571,"Heath Fillmyer"
"980",641582,"Matt Foster"
"981",641598,"Mitch Garver"
"982",641627,"Trevor Gott"
"983",641632,"Conner Greene"
"984",641641,"Taylor Grover"
"985",641646,"Joe Gunkel"
"986",641656,"Ian Hamilton"
"987",641662,"Alec Hansen"
"988",641709,"Brian Howard"
"989",641712,"Dakota Hudson"
"990",641728,"Bud Jeter"
"991",641729,"Joe Jim√©nez"
"992",641729,"Emilio P©nez"
"993",641745,"Brad Keller"
"994",641754,"Jeff Kinley"
"995",641755,"Tyler Kinley"
"996",641771,"Chad Kuhl"
"997",641778,"Eric Lauer"
"998",641780,"David Ledbetter"
"999",641793,"Zack Littell"
"1000",641814,"Michael Mader"
"1001",641816,"Tyler Mahle"
"1002",641835,"Tim Mayza"
"1003",641838,"Kevin McCarthy"
"1004",641850,"Kevin McGowan"
"1005",641851,"Kyle McGowin"
"1006",641855,"Ian McKinney"
"1007",641871,"Keynan Middleton"
"1008",641872,"Jordan Milbrath"
"1009",641887,"Evan Mitchell"
"1010",641899,"Ryan Moseley"
"1011",641941,"Emilio Pag√°n"
"1012",641962,"CD Pelham"
"1013",641980,"Matt Pierpont"
"1014",642003,"Cody Reed"
"1015",642007,"Artie Reyes"
"1016",642008,"Jacob Rhame"
"1017",642028,"Josh Rogers"
"1018",642059,"Kelly Secrest"
"1019",642067,"Mike Shawaryn"
"1020",642073,"James Sherfy"
"1021",642083,"Aaron Slegers"
"1022",642098,"Glenn Sparkman"
"1023",642100,"Gabe Speier"
"1024",642109,"Jake Stinnett"
"1025",642119,"Cody Stull"
"1026",642152,"Lou Trivino"
"1027",642159,"Josh Uhen"
"1028",642196,"Jonah Wesely"
"1029",642231,"Jimmy Yacabonis"
"1030",642232,"Ryan Yarbrough"
"1031",642233,"Eric Yardley"
"1032",642239,"Rob Zastryzny"
"1033",642381,"Dedgar Jimenez"
"1034",642397,"Gregory Soto"
"1035",642524,"Derian Gonz√°lez"
"1036",642528,"Jonathan Lo√°isiga"
"1037",642545,"Jaime Barria"
"1038",642546,"Jonathan Hern√°ndez"
"1039",642547,"Freddy Peralta"
"1040",642557,"Daniel Gonzalez"
"1041",642558,"Ariel Jurado"
"1042",642564,"Francis Martes"
"1043",642571,"Merandy Gonzalez"
"1044",642575,"Gerson Moreno"
"1045",642584,"Franklyn Kilome"
"1046",642601,"Oscar De La Cruz"
"1047",642637,"Adonis Uceta"
"1048",642659,"Raynel Espinal"
"1049",642667,"Anyelo Gomez"
"1050",642681,"Erasmo Pinales"
"1051",642701,"Dennis Santana"
"1052",642759,"Julian Fern√°ndez"
"1053",642840,"Joe Harvey"
"1054",643230,"Steven Brault"
"1055",643256,"Adam Cimber"
"1056",643316,"Paul Fry"
"1057",643320,"Nick Gardewine"
"1058",643325,"Chad Girodo"
"1059",643327,"Zack Godley"
"1060",643329,"Brad Goldberg"
"1061",643338,"Chad Green"
"1062",643354,"Donnie Hart"
"1063",643410,"Mark Leiter Jr."
"1064",643414,"Kyle Lloyd"
"1065",643441,"Brett McKinney"
"1066",643466,"Harrison Musgrave"
"1067",643493,"Austin Pruitt"
"1068",643511,"Tyler Rogers"
"1069",643617,"Zac Reininger"
"1070",643778,"Tyler Webb"
"1071",644364,"V√≠ctor Arano"
"1072",644364,"Julio Ur√≠as"
"1073",644425,"Jake Sanchez"
"1074",644428,"Troy Scribner"
"1075",644443,"Luis Ysla"
"1076",645261,"Sandy Alcantara"
"1077",645307,"Ricardo Sanchez"
"1078",646140,"Jaron Long"
"1079",647188,"Andrew Case"
"1080",647336,"Mike Soroka"
"1081",649144,"Alex Wells"
"1082",650204,"Norge Ru√≠z"
"1083",650382,"Darwinzon Hernandez"
"1084",650574,"Mike Franco"
"1085",650738,"Adonis Rosa"
"1086",650810,"Jos√© Taveras"
"1087",650814,"Ricky Eusebio"
"1088",650817,"Yeudy Garc√≠a"
"1089",650828,"Edgar Santana"
"1090",650895,"Diego Castillo"
"1091",656181,"Spencer Adams"
"1092",656186,"Dan Altavilla"
"1093",656196,"Argenis Angulo"
"1094",656222,"Jalen Beeks"
"1095",656240,"Scott Blewett"
"1096",656257,"Jeff Brigham"
"1097",656302,"Dylan Cease"
"1098",656311,"Brian Clark"
"1099",656328,"Jake Cosart"
"1100",656354,"Austin Davis"
"1101",656420,"J. P. Feyereisen"
"1102",656427,"Jack Flaherty"
"1103",656492,"Foster Griffin"
"1104",656522,"Zach Hedges"
"1105",656546,"Jeff Hoffman"
"1106",656547,"Jonathan Holder"
"1107",656592,"Tyler Johnson"
"1108",656605,"Mitch Keller"
"1109",656608,"Alec Kenilvort"
"1110",656613,"Sean Keselica"
"1111",656629,"Michael Kopech"
"1112",656674,"Kolton Mahoney"
"1113",656685,"Brett Martin"
"1114",656725,"Alex McRae"
"1115",656730,"Trevor Megill"
"1116",656738,"Ben Meyer"
"1117",656744,"Jared Miller"
"1118",656756,"Jordan Montgomery"
"1119",-0.036,""
"1120",656794,"Sean Newcomb"
"1121",656798,"Jacob Nix"
"1122",656803,"James Norwood"
"1123",656805,"Trevor Oaks"
"1124",656814,"Luis Ortiz"
"1125",656885,"James Reeves"
"1126",656887,"Sean Reid-Foley"
"1127",656945,"Tanner Scott"
"1128",656954,"Justus Sheffield"
"1129",656977,"Chad Sobotka"
"1130",656991,"David Speer"
"1131",657031,"Josh Taylor"
"1132",657053,"Touki Toussaint"
"1133",657081,"Paul Voelker"
"1134",657117,"Austen Williams"
"1135",657140,"Kyle Wright"
"1136",657205,"Zac Curtis"
"1137",657209,"Dean Deetz"
"1138",657213,"Luke Eubank"
"1139",657228,"Jake Jewell"
"1140",657508,"Mike Baumann"
"1141",657518,"Matt Blackham"
"1142",657530,"Joe Broussard"
"1143",657558,"Dominic DeMasi"
"1144",657560,"Joey DeNato"
"1145",657571,"Caleb Ferguson"
"1146",657585,"Reed Garrett"
"1147",657610,"Trevor Hildenberger"
"1148",657611,"Cam Hill"
"1149",657612,"Tim Hill"
"1150",657624,"Josh James"
"1151",657664,"Lucas Long"
"1152",657670,"Greg Mahle"
"1153",657680,"Brendan McCurry"
"1154",657681,"Kyle McGrath"
"1155",657708,"Cody Palmquist"
"1156",657766,"Locke St. John"
"1157",657770,"Eric Stout"
"1158",657771,"Sam Street"
"1159",657786,"Jerry Vasto"
"1160",657793,"Connor Walsh"
"1161",657798,"T. J. Weir"
"1162",658305,"Edgar Garc√≠a"
"1163",658792,"Aaron Wilkerson"
"1164",659267,"Roniel Raudes"
"1165",659275,"Dinelson Lamet"
"1166",660064,"Kyle Regnault"
"1167",660271,"Shohei Ohtani"
"1168",660494,"Rogelio Armenteros"
"1169",660853,"Enyel De Los Santos"
"1170",660875,"Jes√∫s Reyes"
"1171",661255,"Yoan L√≥pez"
"1172",662144,"Brian Keller"
"1173",663305,"Colton Davis"
"1174",663319,"Craig Brooks"
"1175",663321,"Nick Hernandez"
"1176",663390,"Ryan Mason"
"1177",663398,"Luke Leftwich"
"1178",663423,"Trent Thornton"
"1179",663428,"Bret Helton"
"1180",663432,"Tanner Rainey"
"1181",663465,"Kolby Allard"
"1182",663567,"Peter Lambert"
"1183",663734,"Nick Neidert"
"1184",663765,"Jake Woodford"
"1185",663855,"Jordan Hicks"
"1186",663992,"Richard Lovelady"
"1187",664023,"Ian Happ"
"1188",664028,"Brett Kennedy"
"1189",664033,"Logan Lombana"
"1190",664045,"Thomas Eshelman"
"1191",664068,"Scott Kingery"
"1192",664076,"Garrett Cleavinger"
"1193",664079,"Tyler Jay"
"1194",664102,"Adam Hofacket"
"1195",664129,"Geoff Hartlieb"
"1196",664137,"Jacob Evans"
"1197",664139,"Ian Gibaut"
"1198",664155,"Nate Griep"
"1199",664172,"Keegan Long"
"1200",664180,"Matt Hall"
"1201",664192,"Joey Lucchesi"
"1202",664196,"Tanner Anderson"
"1203",664199,"Taylor Clarke"
"1204",664202,"Tyler Cyr"
"1205",664208,"Phil Maton"
"1206",664219,"Corey Taylor"
"1207",664225,"Tommy Bergjans"
"1208",664236,"Matthew Kent"
"1209",664285,"Framber Valdez"
"1210",664641,"Ar√≠el Miranda"
"1211",664682,"Ryan Meisinger"
"1212",664701,"Ben Taylor"
"1213",664714,"Ljay Newsome"
"1214",664721,"Austin Mason"
"1215",664785,"Tom Hackimer"
"1216",664830,"Logan Sendelbach"
"1217",664843,"Jerry Keel"
"1218",664849,"Danny Young"
"1219",664854,"Ryan Helsley"
"1220",664856,"Chance Adams"
"1221",664869,"P. J. Conlon"
"1222",664948,"Anthony Misiewicz"
"1223",664999,"Anthony McIver"
"1224",665001,"Trevor Kelley"
"1225",665014,"Quintin Torres-Costa"
"1226",665018,"Hector Lujan"
"1227",665026,"Drew Hasler"
"1228",665045,"Corey Copping"
"1229",665134,"Tate Scioneaux"
"1230",665142,"Adam Lau"
"1231",665150,"Matt Walker"
"1232",665240,"Yoanys Quiala"
"1233",665321,"Andrew Schwaab"
"1234",665335,"Jacob Dorris"
"1235",665661,"Shea Spitzbarth"
"1236",666200,"Jes√∫s Luzardo"
"1237",666563,"Jeff Singer"
"1238",666888,"Yaisel Sierra"
"1239",667425,"James Teague"
"1240",667595,"Kevin Lenik"
"1241",667600,"Grant Zawadzki"
"1242",668678,"Zac Gallen"
"1243",668941,"JoJo Romero"
"1244",668997,"Michael Koval"
"1245",669018,"Pat Ruotolo"
"1246",669054,"Matthew Gorst"
"1247",669060,"Bryse Wilson"
"1248",669203,"Corbin Burnes"
"1249",669211,"Keegan Akin"
"1250",669270,"Joel Kuhnel"
"1251",669301,"Blake Quinn"
"1252",669456,"Shane Bieber"
"1253",669655,"Matt Frawley"
"1254",669724,"Brenan Hanifee"
"1255",670036,"Matt Festa"
"1256",670065,"Trevor Lane"
"1257",670075,"Ben Wright"
"1258",670090,"Wyatt Mills"
"1259",670137,"Kaleb Fontenot"
"1260",670154,"Nolan Blackwood"
"1261",670167,"John Schreiber"
"1262",670179,"Justin Kelly"
"1263",670335,"Sean Isaac"
"1264",670377,"Evan Miller"
"1265",670422,"Trevor Bettencourt"
"1266",670616,"Tyler Warmoth"
"1267",670866,"Ryan Atkinson"
"1268",670950,"Trevor Richards"
"1269",671066,"Parker Curry"
"1270",672335,"Cionel P√©rez"
"1271",673603,"Miguel Romero"
"1272",673633,"Yoshihisa Hirano"
"1273",674342,"Jakob Hernandez"
"1274",675912,"Zac Lowther"
"1275",676220,"Seth Elledge"
"1276",676709,"Ty Tice"
"1277",676923,"Dave Gerber"
"1278",677369,"Austin Warner"
"1279",677720,"Tom Colletti"
"1280",677995,"Scott Kuzminsky"
"1281",424144,"S√°nchez√©rer"
"1282",424144,"Eloy Jim√©nez"
"1283",430634,"Sean Burnett"
"1284",431145,"Russell Martin"
"1285",435079,"Ian Kinsler"
"1286",435622,"Ian Desmond"
"1287",444468,"Jhoulys Chac√≠n"
"1288",444468,"H√©ctor Rond√≥z"
"1289",446481,"Sean Rodr√≠guez"
"1290",448801,"Chris Davis"
"1291",450172,"Edinson Volquez"
"1292",450314,"Ben Zobrist"
"1293",455605,"J. D. Martin"
"1294",456051,"Hector Noes√≠"
"1295",456387,"Ryan Feierabend"
"1296",456488,"Eduardo N√∫√±ez"
"1297",460086,"Alex Gordon"
"1298",467100,"Luis Garc√"
"1299",467827,"Gerardo Parra"
"1300",468504,"Encarnaci√≥n"
"1301",-0.041,""
"1302",1.282,""
"1303",471174,"Luis Vasquez"
"1304",476595,"Lucas Luetge"
"1305",488787,"Casey Coleman"
"1306",491708,"Arquimedes Caminero"
"1307",501303,"Ehire Adrianza"
"1308",501381,"Michael Pineda"
"1309",502273,"Mike Freeman"
"1310",502578,"Aaron Barrett"
"1311",506693,"Henderson Alvarez"
"1312",514923,"Omar Bencomo"
"1313",516685,"Nelson Gonzalez"
"1314",516769,"Jenrry Mejia"
"1315",517593,"Danny Salazar"
"1316",518876,"Merrill Kelly"
"1317",519076,"Jimmy Nelson"
"1318",519246,"Andres Santiago"
"1319",519259,"Daniel Schlereth"
"1320",519301,"Mart√≠n P√©r"
"1321",519322,"Drew Storen"
"1322",523989,"Rubby De La Rosa"
"1323",534737,"Pat Dean"
"1324",534947,"Tim Adleman"
"1325",542231,"Jos√© Rosario"
"1326",542585,"Jos√© Cisnero"
"1327",542866,"Austin Adams"
"1328",543017,"Hunter Cervenka"
"1329",543089,"Taylor Davis"
"1330",543148,"Tim Federowicz"
"1331",543234,"Rayan Gonz√°lez"
"1332",543328,"David Holman"
"1333",543343,"Danny Hultzen"
"1334",543351,"Jay Jackson"
"1335",543376,"Caleb Joseph"
"1336",543409,"Michael Kohn"
"1337",543496,"Jarret Martin"
"1338",543594,"Sean Nolin"
"1339",543698,"Donn Roach"
"1340",543776,"JB Shuck"
"1341",543859,"Michael Tonkin"
"1342",543942,"Rob Wooten"
"1343",545346,"Zach Lee"
"1344",545358,"Max Stassi"
"1345",545404,"Brandon Beachy"
"1346",554234,"Williams P√©rez"
"1347",554374,"Ariel Hern√°ndez"
"1348",570488,"Phillips Valdez"
"1349",571437,"Aaron Altherr"
"1350",571440,"Jeff Ames"
"1351",571503,"Ryan Bollinger"
"1352",571539,"Matt Carasiti"
"1353",571657,"Kyle Farmer"
"1354",571687,"Ian Gardeck"
"1355",571727,"Scott Griggs"
"1356",571772,"Hector Hernandez"
"1357",571858,"Branden Kline"
"1358",571912,"Luke Maile"
"1359",571917,"Parker Markel"
"1360",571974,"J. R. Murphy"
"1361",572008,"Chris Owings"
"1362",572086,"Brady Rodgers"
"1363",572089,"Paco Rodr√≠guez"
"1364",572096,"Trevor Rosenthal"
"1365",572102,"Keyvius Sampson"
"1366",572125,"Sam Selman"
"1367",572371,"Tyler Higgins"
"1368",572406,"Sam Wolff"
"1369",572821,"Brian Dozier"
"1370",573009,"Joe Mantiply"
"1371",573062,"Aaron Northcraft"
"1372",573074,"R. C. Orlan"
"1373",573589,"Michael Ynoa"
"1374",575070,"Enderson Franco"
"1375",579328,"Yusei Kikuchi"
"1376",591741,"Jos√© Osuna"
"1377",592105,"Stetson Allie"
"1378",592189,"Yordy Cabrera"
"1379",592280,"Ryan Eades"
"1380",592296,"John Fasola"
"1381",592336,"Daniel Gibson"
"1382",592346,"Chi Chi Gonz√°lez"
"1383",592361,"Evan Grills"
"1384",592411,"Ben Holmes"
"1385",592464,"Mike Kickham"
"1386",592767,"Drew Smyly"
"1387",592859,"Stevie Wilkerson"
"1388",593163,"Carlos Navas"
"1389",593580,"Dario Beltre"
"1390",593619,"Domingo Tapia"
"1391",593643,"Hanser Alberto"
"1392",594311,"Jandel Gustave"
"1393",594736,"Cody Anderson"
"1394",594795,"Grant Dayton"
"1395",594951,"Ryan O'Rourke"
"1396",594985,"Ben Rowen"
"1397",595001,"Josh Smith"
"1398",595255,"Mitch Horacek"
"1399",595296,"Chris Lee"
"1400",595926,"Jason Creasy"
"1401",595939,"Chris Ellis"
"1402",595988,"Heath Holder"
"1403",596035,"Reggie McClain"
"1404",600858,"Humberto Arteaga"
"1405",602922,"Jos√© Rondon"
"1406",605138,"Wes Benjamin"
"1407",605347,"Peraza"
"1408",0.026,""
"1409",605361,"Nick Martini"
"1410",605446,"Dereck RoJes√∫s"
"1411",605464,"Derek Self"
"1412",605495,"Wyatt Strahan"
"1413",605507,"Zach Thompson"
"1414",606190,"Jorgan Cavanerio"
"1415",606208,"Luis Lugo"
"1416",606227,"Yoel Espinal"
"1417",606291,"Mauricio Cabrera"
"1418",606299,"Jos√© Peraza"
"1419",606303,"Joel Payamps"
"1420",606424,"N√∫√±ez, Renato"
"1421",606467,"Richelson Pe√±a"
"1422",606959,"Rookie Davis"
"1423",607179,"Jordan Weems"
"1424",607222,"Tanner Chleborad"
"1425",607223,"A. J. Reed"
"1426",607555,"Taylor Guilbeau"
"1427",607692,"Travis Radke"
"1428",607729,"David Sosebee"
"1429",607732,"Jacob Stallings"
"1430",608032,"Carlos Est√©vez"
"1431",608335,"Kyle Funkhouser"
"1432",608381,"Walker Weickel"
"1433",608566,"Germ√a Jr."
"1434",608596,"Tom Murphy"
"1435",608650,"Dietrich Enns"
"1436",608700,"Kevin Plawecki"
"1437",615695,"Ryan Kellogg"
"1438",616405,"Mario Meza"
"1439",620396,"Miguel Aguilar"
"1440",620440,"Jairo Beras"
"1441",620446,"Richard Urena"
"1442",620986,"Jefferson Medina"
"1443",621048,"Nolan Long"
"1444",621082,"Jacob Lemoine"
"1445",621086,"James Marvel"
"1446",621097,"Jacob Waguespack"
"1447",621123,"Matt Custred"
"1448",621132,"Kieran Lovegrove"
"1449",621139,"Brooks Kriske"
"1450",621143,"Jackson McClelland"
"1451",621153,"Kevin McCanna"
"1452",621191,"Michael Peoples"
"1453",621244,"Urquidy, Jos√©"
"1454",621244,"S√°nchez, Gary"
"1455",621248,"Ralph Garza Jr."
"1456",621290,"Dakota Bacus"
"1457",621343,"Matt Tenuta"
"1458",621346,"Ty Culbreth"
"1459",621355,"Alex Katz"
"1460",621368,"Taylor Hearn"
"1461",621408,"Matt Marksberry"
"1462",621455,"Sean McLaughlin"
"1463",621593,"Anthony Castro"
"1464",622065,"Alex Young"
"1465",622066,"Tyler Alexander"
"1466",622103,"Gerardo Reyes"
"1467",622218,"Jordan Guerrero"
"1468",622236,"Ryan Newell"
"1469",622256,"Patrick Weigel"
"1470",622490,"Robinson Leyer"
"1471",622503,"Nabil Crismatt"
"1472",622576,"Juan Martinez"
"1473",622747,"Eduardo Vera"
"1474",622780,"Angel Perdomo"
"1475",622786,"Jesus Tinoco"
"1476",622797,"Pedro Payano"
"1477",623183,"Zachary Lovvorn"
"1478",623439,"Ryan Garton"
"1479",623490,"Brad Markey"
"1480",623913,"Wei-Chung Wang"
"1481",624526,"Garrett Williams"
"1482",625643,"Reynaldo y Dom√"
"1483",625974,"Sam Lewis"
"1484",627893,"Carlos Belen"
"1485",628708,"Yunior Marte"
"1486",628711,"Julio Urlesias"
"1487",630263,"James Bourque"
"1488",640017,"Jose Disla"
"1489",640453,"Connor Jones"
"1490",640454,"Matt Krook"
"1491",640470,"Adbert Alzolay"
"1492",641154,"Pablo L√"
"1493",-0.04,""
"1494",641302,"Tyler Alexander"
"1495",641312,"Shaun Anderson"
"1496",641334,"Matt Ball"
"1497",641384,"Akeem Bostick"
"1498",641386,"Ben Bowden"
"1499",641388,"Ty Boyles"
"1500",641401,"Connor Brogdon"
"1501",641409,"Zack Brown"
"1502",641425,"Thomas Burrows"
"1503",641462,"Corbin Clouse"
"1504",641506,"Adrian De Horta"
"1505",641541,"Jon Duplantier"
"1506",641548,"Mark Ecker"
"1507",641576,"Bernardo Flores"
"1508",641660,"Brett Hanewich"
"1509",641672,"Thomas Hatch"
"1510",641732,"Michael Johnson"
"1511",641739,"Rob Kaminsky"
"1512",641743,"Anthony Kay"
"1513",641853,"David McKay David Armstrong"
"1514",641889,"Dalton Moats"
"1515",641907,"Patrick Murphy"
"1516",641941,"Julio Ur√≠as"
"1517",641988,"Alex Powers"
"1518",642041,"Zac Ryan"
"1519",642068,"Jordan Sheffield"
"1520",642121,"Cole Sulser"
"1521",642141,"Jake Thompson"
"1522",642203,"Taylor Widener"
"1523",642207,"Devin Williams"
"1524",642226,"Matt Wotherspoon"
"1525",642496,"Emilio Vargas"
"1526",642511,"Arnaldo Hernandez"
"1527",642549,"Angel German"
"1528",642578,"Jos√© Rodr√≠guez"
"1529",642607,"Dario Agrazal"
"1530",642609,"Joan Baez"
"1531",642770,"Javy Guerra"
"1532",642857,"Yapson Gomez"
"1533",643290,"Justin Dunn"
"1534",643340,"Nick Green"
"1535",643400,"Dusten Knight"
"1536",643478,"Joe Palumbo"
"1537",643550,"Layne Somsen"
"1538",643603,"Tyler White"
"1539",643605,"Matt Whitehouse"
"1540",643615,"T. J. Zeuch"
"1541",644396,"Luis Ledo"
"1542",644429,"Anderson Severino"
"1543",645801,"Mike Ford"
"1544",646081,"Rodrigo Benoit"
"1545",646717,"Gustavo Armas"
"1546",649963,"Bo Takahashi"
"1547",650347,"Lu√≠s Madero"
"1548",650493,"Henry Martinez"
"1549",650530,"Bryan Garcia"
"1550",650556,"Bryan Abreu"
"1551",650593,"Carlos Hiraldo"
"1552",650633,"Mike King"
"1553",650644,"Aaron Civale"
"1554",650656,"Luis Pena"
"1555",650671,"Jos√© Quijada"
"1556",650804,"Jose Nin"
"1557",650813,"Luis Escobar"
"1558",650893,"G√©nesis Cabrera"
"1559",650959,"Marcos Dipl√°n"
"1560",656004,"Carlos Sanabria"
"1561",656008,"Aneurys Zabala"
"1562",656032,"Daniel √Ålvarez"
"1563",656061,"Albert Abreu"
"1564",656232,"Brandon Bielak"
"1565",656266,"J. B. Bukauskas"
"1566",656271,"Brock Burke"
"1567",656288,"Griffin Canning"
"1568",656322,"Sam Coonrod"
"1569",656353,"Tucker Davidson"
"1570",656450,"Joe Gatto"
"1571",656457,"Tyler Gilbert"
"1572",656464,"Kevin Ginkel"
"1573",656529,"Sam Hentges"
"1574",656548,"Jordan Holloway"
"1575",656550,"Grant Holmes"
"1576",656661,"Jos√© L√≥pez"
"1577",656686,"Corbin Martin"
"1578",656713,"Brendan McKay"
"1579",656726,"Sam McWilliams"
"1580",656727,"Kodi Medeiros"
"1581",656809,"Emilio Ogando"
"1582",656889,"Jeremy Rhoades"
"1583",656904,"Jared Robinson"
"1584",656970,"Devin Smeltzer"
"1585",656981,"Peter Solomon"
"1586",657024,"Erik Swanson"
"1587",657097,"Jacob Webb"
"1588",657141,"Jordan Yamamoto"
"1589",657229,"Eric Karch"
"1590",657277,"Logan Webb"
"1591",657442,"Seth Varner"
"1592",657514,"Brennan Bernardino"
"1593",657566,"Montana DuRapau"
"1594",657644,"Alex Klonowski"
"1595",657651,"Karch Kowalczyk"
"1596",658431,"Adonis Medina"
"1597",658551,"Junior Fern√°ndez"
"1598",658648,"Pedro Avila"
"1599",658742,"Di√≥genes Almengo"
"1600",658791,"Wei-Chieh Huang"
"1601",660431,"Hector Perez"
"1602",660546,"Yennsy D√≠az"
"1603",660593,"Denyi Reyes"
"1604",660600,"Enoli Paredes"
"1605",660623,"Huascar Ynoa"
"1606",660761,"Jos√© Suarez"
"1607",660813,"Brusdar Graterol"
"1608",660825,"Eduard Bazardo"
"1609",660896,"Jorge Alcala"
"1610",661269,"Vladimir Guti√©rrez"
"1611",661403,"Emmanuel Clase"
"1612",661536,"Melvin Adon"
"1613",661832,"Danny Dopico"
"1614",662253,"Andr√©s Mu√±oz"
"1615",662959,"Jhonleider Salinas"
"1616",663326,"Ryan Clark"
"1617",663399,"Brandon Waddell"
"1618",663531,"Logan Allen"
"1619",663554,"Casey Mize"
"1620",663574,"Tony Santillan"
"1621",663770,"Demarcus Evans"
"1622",663776,"Patrick Sandoval"
"1623",663894,"Ryley Gilliam"
"1624",663969,"Tyler Phillips"
"1625",663978,"Chris Paddack"
"1626",663986,"Trevor Stephan"
"1627",664012,"Tyler Mark"
"1628",664034,"Ty France"
"1629",664042,"Travis Lakins"
"1630",664054,"Cody Stashak"
"1631",664055,"Michael Matuella"
"1632",664062,"Tony Gonsolin"
"1633",664082,"Michael Boyle"
"1634",664092,"Sean Poppen"
"1635",664107,"Alex Winkelman"
"1636",664121,"Seth McGarry"
"1637",664123,"Scott Effross"
"1638",664126,"Pete Fairbanks"
"1639",664141,"JT Brubaker"
"1640",664144,"Jon Olczak"
"1641",664157,"Travis Bergen"
"1642",664158,"Matt Eckelman"
"1643",664168,"Breckin Williams"
"1644",664194,"Blake Bass"
"1645",664197,"Austin Orewiler"
"1646",664238,"Dylan Moore"
"1647",664353,"Jos√© Urquidy"
"1648",664687,"Durbin Feltman"
"1649",664852,"Jay Flaa"
"1650",664871,"Kyle Dowdy"
"1651",664875,"Justin Lawrence"
"1652",664910,"Logan Cozart"
"1653",664918,"Kyle Keller"
"1654",665059,"Mike Wallace"
"1655",665093,"Zac Grotz"
"1656",665120,"Jared Walsh"
"1657",666120,"Ian Anderson"
"1658",666205,"Kyle Muller"
"1659",666214,"Joey Wentz"
"1660",666215,"Forrest Whitley"
"1661",666697,"Luis Ramirez"
"1662",667355,"Joan Martinez"
"1663",667376,"Miguel S√°nchez"
"1664",667427,"Zach Jackson"
"1665",667498,"Robert Dugger"
"1666",667677,"Zac Houston"
"1667",667681,"Daniel Brown"
"1668",668605,"Matt Solter"
"1669",668665,"Stephen Nogosek"
"1670",668676,"Zach Plesac"
"1671",668683,"Jeremy Walker"
"1672",668754,"Braden Bristo"
"1673",668869,"Tyler Thomas"
"1674",668954,"Curtis Taylor"
"1675",669105,"Zach Muckenhirn"
"1676",669130,"Mike Kaelin"
"1677",669153,"Andrew Brown"
"1678",669160,"Dustin May"
"1679",669214,"Conner Menez"
"1680",669248,"Hunter Smith"
"1681",669276,"Dylan Lee"
"1682",669302,"Logan Gilbert"
"1683",669424,"Jimmy Lambert"
"1684",669711,"Greg Weissert"
"1685",669728,"Dakota Mekkes"
"1686",669746,"Tommy Eveld"
"1687",669912,"Kirby Snead"
"1688",669920,"Jason Alexander"
"1689",669935,"A. J. Alexy"
"1690",669952,"Mitch White"
"1691",670057,"Ryan Hartman"
"1692",670061,"Duncan Robinson"
"1693",670078,"Ben Krauth"
"1694",670151,"Wyatt Short"
"1695",670280,"David Bednar"
"1696",670329,"Rico Garcia"
"1697",670426,"Phillip Diehl"
"1698",670428,"Tyler Erwin"
"1699",670443,"Jack Anderson"
"1700",670456,"J. D. Hammer"
"1701",670579,"Aaron Fossas"
"1702",670712,"Mike Brosseau"
"1703",670722,"William Ouellette"
"1704",670766,"Darren McCaughan"
"1705",670970,"Adri√°n Morej√≥n"
"1706",671790,"Ronald Bola√±os"
"1707",672773,"Elvis Luciano"
"1708",672911,"Jesus Cruz"
"1709",673140,"Eli√°n Leyva"
"1710",673258,"Michel B√°ez"
"1711",673258,"Jes√∫s Luzar"
"1712",673316,"Luke Barker"
"1713",674685,"Cole Bartlett"
"1714",675916,"James Karinchak"
"1715",676051,"Codi Heuer"
"1716",676358,"Evan Kruczynski"
"1717",676601,"Logan Salow"
"1718",676606,"Nick Margevicius"
"1719",676607,"Hunter Schryver"
"1720",676620,"Blake Weiman"
"1721",676641,"Beau Sulser"
"1722",676644,"Steve Villines"
"1723",676684,"Will Vest"
"1724",676710,"Kutter Crawford"
"1725",676755,"Isaac Mattson"
"1726",676831,"Kodi Whitley"
"1727",676840,"Matt Peacock"
"1728",676860,"Joe Cavallaro"
"1729",676886,"Jeremy Beasley"
"1730",677022,"Justin Watts"
"1731",677076,"Clayton Andrews"
"1732",677161,"Zack Kelly"
"1733",677185,"Matt Hardy"
"1734",677222,"Austin Krzeminski"
"1735",677415,"Kit Scheetz"
"1736",677867,"Max Herrmann"
"1737",677976,"Randy Dobnak"
"1738",680573,"Simeon Woods Richardson"
"1739",681865,"Brad Wilson"
"1740",681915,"Ethan DeCaster"
"1741",682038,"Miguel Figueroa"
"1742",683065,"Jake Haberer"
"1743",434622,"Ubaldo Jim√©nez"
"1744",435522,"Neil Walker"
"1745",453268,"Daniel Bard"
"1746",453307,"David Huff"
"1747",453943,"Todd Frazier"
"1748",458676,"Josh Lindblom"
"1749",491624,"C√©sar Valdez"
"1750",503569,"Rafael Dolis"
"1751",518649,"Brett Eibner"
"1752",523253,"Logan Forsythe"
"1753",528748,"Humberto Castellanos"
"1754",541640,"Erasmo R"
"1755",0.047,""
"1756",543456,"Kyle Lobstein"
"1757",543867,"Nik Turley"
"1758",543964,"Tony Zych"
"1759",547942,"Kwang Hyun Kim"
"1760",548384,"Brooks Raley"
"1761",554431,"Tyler Matzek"
"1762",570560,"Carlos Sanchez"
"1763",571676,"Seth Frankoff"
"1764",571788,"Brock Holt"
"1765",592438,"Chase Johnson"
"1766",592455,"Jake Kalish"
"1767",592831,"Konner Wade"
"1768",595893,"Bryan Brickhouse"
"1769",600853,"Jose Adames"
"1770",605184,"Trey Cochran-Gill"
"1771",605338,"Jacob Lindgren"
"1772",605448,"Bradley Roney"
"1773",606115,"Orlando Arcia"
"1774",606424,"Ja∫√±ez"
"1775",607067,"Colin Rea"
"1776",607114,"Matt Wivinis"
"1777",607751,"Matt Tomshaw"
"1778",608348,"Carson Kelly"
"1779",620445,"Jos√© Mujica"
"1780",621005,"Tim Lopes"
"1781",621011,"Max Schrock"
"1782",621051,"Steven Wilson"
"1783",621074,"Michael Rucker"
"1784",621076,"James Kaprielian"
"1785",621129,"Kyle Cody"
"1786",621237,"Moncada, Yo√°n"
"1787",621348,"Sam Clay"
"1788",621404,"Ryan Lawlor"
"1789",621532,"Anthony Bemboom"
"1790",622088,"Tejay Antone"
"1791",622415,"Anthony Vizcaya"
"1792",623168,"Tyler Heineman"
"1793",623437,"Justin Topa"
"1794",623485,"Ashton Goudeau"
"1795",623992,"Shao Ching Chiang"
"1796",624407,"Tzu-Wei Lin"
"1797",624647,"Victor Gonz√°lez"
"1798",628709,"Ofreidy G√≥mez"
"1799",629498,"Johan Quezada"
"1800",640444,"Wil Crowe"
"1801",641154,"Omar Narv√°ez"
"1802",641329,"Bryan Baker"
"1803",641360,"Phil Bickford"
"1804",641420,"Zack Burdi"
"1805",641447,"Daniel Castano"
"1806",641461,"Trevor Clifton"
"1807",641499,"Ty Damron"
"1808",641513,"Travis Demeritte"
"1809",641645,"Luis Guillorme"
"1810",641682,"Ryan Hendrix"
"1811",641726,"Daulton Jefferies"
"1812",641729,"B√°ez, Javie"
"1813",641772,"Joe Kuzia"
"1814",641852,"Thomas McIlraith"
"1815",641900,"Scott Moss"
"1816",641978,"Matt Pidich"
"1817",641995,"Roel Ram√≠rez"
"1818",642092,"Riley Smith"
"1819",642130,"Blake Taylor"
"1820",642236,"Joe Zanghi"
"1821",642371,"Junior Garcia"
"1822",642508,"Jesus Zambrano"
"1823",642513,"Julio Pinto"
"1824",642565,"Alexander Guillen"
"1825",642590,"Francisco Rios"
"1826",642664,"Wendolyn Bautista"
"1827",642714,"Eric Mari√±ez"
"1828",642758,"Domingo Acevedo"
"1829",643377,"Griffin Jax"
"1830",643502,"Dylan Rheault"
"1831",643532,"Sterling Sharp"
"1832",643539,"Caleb Simpson"
"1833",646241,"Enmanuel De Jesus"
"1834",646243,"Yoan Aybar"
"1835",650496,"J. C. Mej√≠a"
"1836",650668,"Humberto Mej√≠a"
"1837",650869,"Rodolfo Martinez"
"1838",655889,"Manuel Rodr√≠guez"
"1839",656206,"Jeff Bain"
"1840",656212,"Charlie Barnes"
"1841",656382,"Tommy Doyle"
"1842",656412,"Alex Faedo"
"1843",656473,"Brian Gonzalez"
"1844",656557,"Tanner Houck"
"1845",656683,"Mac Marshall"
"1846",656793,"Nick Nelson"
"1847",656849,"David Peterson"
"1848",656876,"Drew Rasmussen"
"1849",656913,"Seth Romero"
"1850",656924,"Ryder Ryan"
"1851",656986,"Bennett Sousa"
"1852",657006,"Justin Steele"
"1853",657022,"Trey Supak"
"1854",657034,"Jonathan Teaney"
"1855",657044,"Ryan Thompson"
"1856",657240,"Julian Merryweather"
"1857",657246,"Ryan Nutof"
"1858",657376,"Clarke Schmidt"
"1859",657746,"Joe Ryan"
"1860",658530,"Franklin P√©rez"
"1861",659070,"Ben Bracewell"
"1862",660302,"Dalbert Siri"
"1863",660422,"Jorge Guzman"
"1864",660508,"Norwith Gudino"
"1865",660749,"Wladimir Pinto"
"1866",661395,"Jhoan Duran"
"1867",661440,"Mauricio Llovera"
"1868",661527,"Seth Martinez"
"1869",661563,"Luis Gil"
"1870",663325,"Kevin Smith"
"1871",663366,"Beau Burrows"
"1872",663434,"Wes Helsabeck"
"1873",663460,"Kris Bubic"
"1874",663474,"Triston McKenzie"
"1875",663535,"Juan Hillman"
"1876",663556,"Shane McClanahan"
"1877",663629,"Ethan Small"
"1878",663683,"Ike Schlabach"
"1879",663738,"Daniel Lynch"
"1880",663793,"Dakota Chalmers"
"1881",663804,"Jackson Kowar"
"1882",663878,"Nate Pearson"
"1883",663903,"Brady Singer"
"1884",663910,"Jordan Guerrero"
"1885",663959,"Tyler Ivey"
"1886",663996,"Nick Economos"
"1887",664069,"Ben Braymer"
"1888",664074,"Cody Ponce"
"1889",664098,"Nathan Bates"
"1890",664125,"Brandon Koch"
"1891",664275,"Pedro Vasquez"
"1892",664299,"Cristian Javier"
"1893",664301,"Wandisson Charles"
"1894",664337,"Miguel Yajure"
"1895",664350,"Sixto S√°nchez"
"1896",664700,"Daniel Tillo"
"1897",664942,"James Naile"
"1898",664977,"Blake Cederlind"
"1899",665105,"Cameron Gann"
"1900",665152,"Dean Kremer"
"1901",665620,"Deivi Garc√≠a"
"1902",665621,"Rony Garc√≠a"
"1903",665622,"Luis Medina"
"1904",665733,"Antonio Santos"
"1905",665759,"Ram√≥n Rosso"
"1906",665795,"Edward Cabrera"
"1907",665968,"Juan M√≥ta"
"1908",666022,"Jhonatan German"
"1909",666129,"Braxton Garrett"
"1910",666156,"Reggie Lawson"
"1911",666157,"Nick Lodolo"
"1912",666159,"Matt Manning"
"1913",666204,"Dany Jim√©nez"
"1914",666622,"Brailyn Marquez"
"1915",666668,"Hector Yan"
"1916",666672,"Jojanse Torres"
"1917",666674,"Edwar Colina"
"1918",667297,"Tommy Nance"
"1919",667378,"Dauris Valdez"
"1920",667445,"Marshall Kasowski"
"1921",667463,"John King"
"1922",667465,"Aaron Fletcher"
"1923",668338,"Tyson Miller"
"1924",668684,"Tanner Tully"
"1925",668687,"Andre Scrubb"
"1926",668868,"Zack Thompson"
"1927",668879,"Vince Arobio"
"1928",668880,"Fred Schlichtholz"
"1929",668948,"Kirk McCarty"
"1930",669020,"Ryan Rolison"
"1931",669022,"MacKenzie Gore"
"1932",669064,"Brandon Bailey"
"1933",669145,"Bruce Zimmermann"
"1934",669199,"Lake Bachar"
"1935",669212,"Eli Morgan"
"1936",669289,"Santiago Espinal"
"1937",669373,"Tarik Skubal"
"1938",669432,"Trevor Rogers"
"1939",669459,"Kyle Nelson"
"1940",669461,"Matthew Liberatore"
"1941",669618,"Joe Barlow"
"1942",669725,"Thomas Jankins"
"1943",669734,"Dakody Clemmer"
"1944",669789,"Willy Collado"
"1945",669805,"Alexander Vizca√≠no"
"1946",669946,"Brandon Lawson"
"1947",669947,"Jesse Scholtens"
"1948",670056,"Caleb Baragar"
"1949",670081,"Scott Engler"
"1950",670119,"Connor Grey"
"1951",670125,"Jonathan Hennigan"
"1952",670161,"Parker Dunshee"
"1953",670267,"Will Kincanon"
"1954",670328,"Juan G√°mez"
"1955",670343,"Matt Milburn"
"1956",670404,"Skylar √Årias"
"1957",670550,"Nivaldo Rodriguez"
"1958",670552,"Bryan Valdez"
"1959",670912,"Johan Oviedo"
"1960",670990,"Yohan Ramirez"
"1961",672391,"Kaleb Ort"
"1962",672578,"Carlos Hern√°ndez"
"1963",672715,"Luis Pati√±o"
"1964",673686,"Hunter Haworth"
"1965",674375,"Dayeison Arias"
"1966",674681,"Michael Plassmeyer"
"1967",675921,"Spencer Howard"
"1968",675923,"Ryan Lillie"
"1969",675971,"Kyle Dohy"
"1970",676103,"Damon Jones"
"1971",676334,"Robbie Hitt"
"1972",676596,"Josh Fleming"
"1973",676604,"Tyler Zuber"
"1974",676637,"Phoenix Sanders"
"1975",676754,"Addison Russ"
"1976",676845,"Sam Delaplane"
"1977",676890,"Scott Boches"
"1978",676891,"Alex FaGalde"
"1979",676969,"Brett de Geus"
"1980",676979,"Garrett Crochet"
"1981",677651,"Luis Garcia"
"1982",677742,"Tyler Zombro"
"1983",677960,"Ryan Weathers"
"1984",678258,"Jerson Ram√≠rez"
"1985",680686,"Josiah Gray"
"1986",680692,"Jonathan Stiever"
"1987",680702,"Joey Gerber"
"1988",681564,"Alex Royalty"
"1989",681823,"Ben Madison"
"1990",681911,"Alex Vesia"
"1991",682171,"Penn Murfee"
"1992",682615,"John O'Reilly"
"1993",683232,"Nick Mears"
"1994",685493,"Shun Yamaguchi"
"1995",444482,"David Peralta"
"1996",452027,"Andrew Albers"
"1997",452678,"Asdr√∫bal Cabrera"
"1998",457759,"Justin Turner"
"1999",468504,"Harold Ram√≠rez"
"2000",502210,"Josh Reddick"
"2001",503556,"Marwin Gonzalez"
"2002",505447,"Brandon Dickson"
"2003",506702,"Sandy Leon"
"2004",518464,"Seth Blair"
"2005",519048,"Mitch Moreland"
"2006",519299,"Eric Sogard"
"2007",542992,"Andy Burns"
"2008",546991,"Albert Almora"
"2009",547001,"Cody Poteet"
"2010",571479,"Andrew Bellatti"
"2011",572761,"Matt Carpenter"
"2012",573131,"Darin Ruf"
"2013",591720,"Ronald Torreyes"
"2014",592273,"Brandon Drury"
"2015",-0.044,""
"2016",593144,"Vladimir Guti√©rre"
"2017",593576,"Elias D√≠az"
"2018",594694,"Wilmer Difo"
"2019",594809,"Adam Eaton"
"2020",595263,"Mickey Jannis"
"2021",595284,"Andrew Knapp"
"2022",595943,"Phillip Evans"
"2023",596056,"John Nogowski"
"2024",596103,"Austin Slater"
"2025",596825,"Robel Garc√≠a"
"2026",605612,"Harold Castro"
"2027",606213,"Yerm√≠n Mercedes"
"2028",607359,"Spencer Patton"
"2029",607680,"Kevin Pillar"
"2030",608686,"Jack Mayfield"
"2031",617228,"Hirokazu Sawamura"
"2032",621057,"Justin Garza"
"2033",621244,"Nido, Tom√°s"
"2034",621259,"Brody Koerner"
"2035",621433,"Brett Phillips"
"2036",621500,"Wyatt Mathisen"
"2037",622063,"Jack Wynkoop"
"2038",622110,"Matt Duffy"
"2039",622459,"Cristian Alvarado"
"2040",624414,"Christian Arroyo"
"2041",624519,"Logan Shore"
"2042",624522,"Keegan Thompson"
"2043",628345,"Darien N√∫√±ez"
"2044",628711,"Joe Jim√©nez"
"2045",628711,"Julionez√≠as"
"2046",630105,"Jake Cronenworth"
"2047",641394,"Jake Brentz"
"2048",641703,"Brent Honeywell"
"2049",641729,"Pablo L√©nez"
"2050",641733,"Connor Johnstone"
"2051",641927,"Bailey Ober"
"2052",642048,"Tayler Saucedo"
"2053",642162,"Pat Valaika"
"2054",642271,"Fernery Ozuna"
"2055",642336,"Francisco Mej√≠a"
"2056",642528,"Jonathan Lo√°isio"
"2057",642727,"Sergio Alc√°ntara"
"2058",642851,"Austin Wynns"
"2059",643565,"Mike Tauchman"
"2060",646242,"Jhonathan Diaz"
"2061",647315,"Zach Pop"
"2062",650911,"Cristopher S√°nchez"
"2063",650911,"Humbertoer S√°nchez"
"2064",651002,"Steven Fuentes"
"2065",656001,"Moises Gomez"
"2066",656077,"F√©lix Paulino"
"2067",656083,"Harol Gonz√°lez"
"2068",656290,"Drew Carlton"
"2069",656458,"Lucas Gilbreath"
"2070",656578,"Andre Jackson"
"2071",656620,"Gabe Klobosits"
"2072",656638,"Alex Lange"
"2073",656641,"Jake Latz"
"2074",656669,"Jordan Luplow"
"2075",656701,"Kade McClure"
"2076",656731,"Tylor Megill"
"2077",656818,"Connor Overton"
"2078",657092,"Zach Warren"
"2079",657093,"Spenser Watkins"
"2080",657203,"Will Carter"
"2081",657248,"Glenn Otto"
"2082",657697,"Vinny Nittoli"
"2083",657756,"Connor Seabold"
"2084",658069,"Joshua Fuentes"
"2085",659262,"Anderson Espinoza"
"2086",660365,"Hyeon-jong Yang"
"2087",660587,"Leo Crawford"
"2088",660620,"Jonathan Ara√∫z"
"2089",660761,"Jos√© Abreu"
"2090",660787,"Yerry De Los Santos"
"2091",660906,"Francisco Perez"
"2092",661269,"S√°nchez, Yolmer"
"2093",661383,"Oliver Ortega"
"2094",663372,"Ryan Feltner"
"2095",663378,"Thomas Szapucki"
"2096",663383,"Gray Fenter"
"2097",663385,"Chad Smith"
"2098",663394,"Jacob Condra-Bogan"
"2099",663546,"Sean Hjelle"
"2100",663558,"Jovani Moran"
"2101",663559,"Bailey Falter"
"2102",663658,"Thad Ward"
"2103",663674,"Mason Fox"
"2104",663735,"Matt Frisbee"
"2105",663753,"Reiss Knehr"
"2106",663853,"Romy Gonzalez"
"2107",663884,"Nolan Kingham"
"2108",663893,"Brendon Little"
"2109",663941,"Tristan Beck"
"2110",663975,"Nick Duron"
"2111",663982,"David Parkinson"
"2112",664294,"Dauri Moreta"
"2113",664584,"Jhon Romero"
"2114",664776,"Jake Cousins"
"2115",664789,"Ka'ai Tom"
"2116",664901,"Danny Mendick"
"2117",664940,"Kurt Hoekstra"
"2118",665048,"Hobie Harris"
"2119",665155,"Nick Maton"
"2120",665417,"Kyle Kubat"
"2121",665600,"Jasseel De La Cruz"
"2122",665625,"Elvis Peguero"
"2123",665645,"Kervin Castro"
"2124",665665,"Reiver Sanmartin"
"2125",665854,"Luis Oviedo"
"2126",665896,"Jose Marte"
"2127",666005,"Andres Sotillet"
"2128",666130,"Jay Groome"
"2129",666132,"Zack Hess"
"2130",666168,"Mason Thompson"
"2131",666201,"Alek Manoah"
"2132",666208,"Alex Speas"
"2133",666364,"Jordan Balazovic"
"2134",666619,"Gregory Santos"
"2135",666720,"Yerry Rodriguez"
"2136",666808,"Camilo Doval"
"2137",666818,"Luis Fr√≠as"
"2138",667373,"Angel Rond√≥n"
"2139",667712,"Austin Hansen"
"2140",667725,"Kyle Tyler"
"2141",668390,"Cole Winn"
"2142",668670,"Jake Rogers"
"2143",668720,"Todd Peterson"
"2144",668820,"Max Kranick"
"2145",668874,"Blair Henley"
"2146",668881,"Hunter Greene"
"2147",668933,"Graham Ashcraft"
"2148",668968,"Hans Crouse"
"2149",669091,"Matt Cronin"
"2150",669135,"Mac Sceroler"
"2151",669169,"Jonathan Heasley"
"2152",669180,"Braeden Ogle"
"2153",669294,"Paul Campbell"
"2154",1.049,""
"2155",669310,"CJ Van Eyk"
"2156",669330,"Tyler Wells"
"2157",669345,"Brett Conine"
"2158",669358,"Shane Baz"
"2159",669371,"Cole Henry"
"2160",669395,"Dylan Coleman"
"2161",669468,"Aaron Leasher"
"2162",669622,"Anthony Bender"
"2163",669674,"Sam Long"
"2164",669721,"Davis Daniel"
"2165",669735,"Chris Rodriguez"
"2166",669854,"Ronel Blanco"
"2167",669937,"Tyler Dyson"
"2168",670046,"Kenny Rosenberg"
"2169",670050,"Stephen Ridings"
"2170",670062,"Julian Garcia"
"2171",670087,"Brandyn Sittinger"
"2172",670102,"Bowden Francis"
"2173",670159,"Carson LaRue"
"2174",670174,"Josh Winckowski"
"2175",670288,"Jake Fishman"
"2176",670955,"Edwin Uceta"
"2177",671131,"Jackson Rutledge"
"2178",671345,"Jason Foley"
"2179",672282,"Reid Detmers"
"2180",672487,"Helcris Olivarez"
"2181",672582,"Angel Zerpa"
"2182",672629,"Gerardo Carrillo"
"2183",672710,"Roansy Contreras"
"2184",672715,"Rony Garc√≠a"
"2185",672782,"Yoendrys G√≥mez"
"2186",672810,"Jairo Solis"
"2187",672841,"Carlos Vargas"
"2188",672851,"Joan Adon"
"2189",672866,"Jose Martinez"
"2190",673277,"Jose Alberto Rivera"
"2191",673380,"Dedniel N√∫√±ez"
"2192",673662,"Robinson Ortiz"
"2193",674944,"Sean Guenther"
"2194",675627,"Michael Grove"
"2195",675911,"Spencer Strider"
"2196",675977,"Drew Strotman"
"2197",675983,"Garrett Schilling"
"2198",676050,"Packy Naughton"
"2199",676083,"Janson Junk"
"2200",676092,"Collin Snider"
"2201",676105,"Jeff Criswell"
"2202",676206,"Freddy Tarnok"
"2203",676265,"Cory Abbott"
"2204",676272,"Bobby Miller"
"2205",676344,"Marcel Renter√≠a"
"2206",676424,"Alec Bettinger"
"2207",676477,"Garrett Whitlock"
"2208",676599,"Jason Bahr"
"2209",676610,"Denny Brady"
"2210",676617,"Riley O'Brien"
"2211",676766,"Nicklaus Snyder"
"2212",676785,"Bryce Conley"
"2213",676879,"Aaron Ashby"
"2214",676917,"Cade Cavalli"
"2215",677865,"Justin Bruihl"
"2216",678226,"Daysbel Hern√°ndez"
"2217",678906,"Kai-Wei Teng"
"2218",679525,"Alec Marsh"
"2219",679777,"Nick Mikolajchak"
"2220",680430,"Nick Allgeyer"
"2221",680572,"Adam Kloffenstein"
"2222",680689,"Lyon Richardson"
"2223",680704,"Nick Sandlin"
"2224",680735,"Austin Cox"
"2225",680739,"Josh Winder"
"2226",680742,"Jonathan Bowlan"
"2227",680765,"Joey Murray"
"2228",680767,"Victor Vodnik"
"2229",680940,"Robert Broom"
"2230",681401,"Josh Green"
"2231",681402,"Gus Varland"
"2232",681464,"Franklin German"
"2233",681555,"Andrew Politi"
"2234",681792,"Adam Scott"
"2235",681806,"Andrew Wantz"
"2236",681810,"Austin Warren"
"2237",681867,"Cooper Criswell"
"2238",681869,"Shawn Dubin"
"2239",682016,"William Woods"
"2240",682130,"Tyler Carr"
"2241",682418,"Tommy Parsons"
"2242",682448,"Jackson Rees"
"2243",682929,"Matt Allan"
"2244",682990,"Quinn Priester"
"2245",683086,"Kendall Williams"
"2246",683764,"Matt Canterino"
"2247",685503,"Kohei Arihara"
"2248",686613,"Hunter Brown"
"2249",686752,"Ryan Pepiot"
"2250",687798,"Nick Robertson"
"2251",689017,"Landon Knack"
"2252",691109,"Zach Vennaro"
"2253",691172,"Yosver Zulueta"
"2254",405395,"Albert Pujols"
"2255",425877,"Yadier Molina"
"2256",444876,"Alcides Escobar"
"2257",500779,"Jos√© Ram√≠rez"
"2258",518585,"Fernando Cruz"
"2259",527048,"Mart√≠n "
"2260",-0.062,""
"2261",527048,"Pedro B√°ez"
"2262",532936,"Mario Sanchez"
"2263",542194,"Christian Bethancourt"
"2264",543281,"Josh Harrison"
"2265",543829,"Dee Strange-Gordon"
"2266",545121,"Ildemaro Vargas"
"2267",545341,"Randal Grichuk"
"2268",547185,"Pete Tago"
"2269",570632,"Jort√≠n P√©r"
"2270",570632,"Mart√≠n P√©rez"
"2271",571446,"Mark Appel"
"2272",571466,"Tucker Barnhart"
"2273",571976,"Wil Myers"
"2274",572191,"Michael Taylor"
"2275",572816,"Corey Dickerson"
"2276",592155,"Cam Booser"
"2277",592614,"Dillon Overton"
"2278",592743,"Andrelton Simmons"
"2279",593160,"Whit Merrifield"
"2280",593576,"H√©ctor Nas"
"2281",594838,"Philip Gosselin"
"2282",596117,"Garrett Stubbs"
"2283",598265,"Jackie Bradley"
"2284",602929,"Markus Solbach"
"2285",606981,"Darin Gillies"
"2286",606993,"Jake Hager"
"2287",607259,"Nick Martinez"
"2288",607609,"A. J. Ladwig"
"2289",608703,"Matt Reynolds"
"2290",614177,"Franmil Reyes"
"2291",614179,"Jdwin D√≠a"
"2292",620443,"Luis Torrens"
"2293",621016,"Jose Cuas"
"2294",621053,"Tyler Ferguson"
"2295",621079,"Collin Wiles"
"2296",621244,"Adolis Garc√≠a"
"2297",621383,"Tanner Banks"
"2298",622268,"Donovan Walton"
"2299",622379,"Luis Castillo"
"2300",622569,"Pablo Reyes"
"2301",623211,"Huascar Brazoban"
"2302",624133,"Andy Ib√°√±ez"
"2303",624133,"Joe Jim√unez"
"2304",624133,"Ranger S≥pez"
"2305",624503,"Nick Gordon"
"2306",624512,"Reese McGuire"
"2307",625643,"Reynaldo ."
"2308",-0.364,""
"2309",628711,"Julio L√√≠as"
"2310",640461,"Chad Pinder"
"2311",641154,"Julio Ur√≠as"
"2312",641464,"Trey Cobb"
"2313",641531,"Hunter Dozier"
"2314",641538,"Frank Duncan"
"2315",641585,"J. P. France"
"2316",641620,"Brandon Gold"
"2317",641625,"Jordan Gore"
"2318",641886,"Andrew Mitchell"
"2319",641914,"Sheldon Neuse"
"2320",641941,"Norge Ru√≠z"
"2321",642016,"Daniel Robert"
"2322",642060,"Cody Sedlock"
"2323",642140,"Cory Thompson"
"2324",642165,"Josh VanMeter"
"2325",642216,"Allan Winans"
"2326",642225,"Stephen Woods"
"2327",642528,"G√©nesis Cabrera"
"2328",642585,"F√©lix Bautista"
"2329",642657,"Cristofer Ogando"
"2330",642834,"Jonathan Bermudez"
"2331",643232,"Matt Brill"
"2332",643361,"Kevin Herget"
"2333",643524,"Frank Schwindel"
"2334",644374,"Yu Chang"
"2335",647306,"Ben Onyshko"
"2336",650339,"Jermaine Palacios"
"2337",650378,"Ofelky Peralta"
"2338",650841,"Diomar Lopez"
"2339",650911,"Cristopher S√°nc"
"2340",650960,"Daniel Duarte"
"2341",656080,"Aneuris Rosario"
"2342",656234,"Jake Bird"
"2343",656259,"Jordan Brink"
"2344",656342,"Keegan Curtis"
"2345",656349,"Brett Daniels"
"2346",656594,"Kyle Johnston"
"2347",656657,"Zach Logue"
"2348",656678,"Erik Manoah"
"2349",656755,"Bryce Montes de Oca"
"2350",-0.158,""
"2351",656786,"Parker Mushinski"
"2352",656804,"Andres Nunez"
"2353",656820,"Nicholas Padilla"
"2354",656919,"Matt Ruppenthal"
"2355",656927,"Ricky Salinas"
"2356",656937,"Tyler Schimpf"
"2357",657047,"Reagan Todd"
"2358",657050,"Trenton Toplikar"
"2359",657116,"Zach Willeman"
"2360",657265,"Peter Strzelecki"
"2361",657272,"Erich Uelmen"
"2362",657424,"Matt Gage"
"2363",657581,"Will Gaddis"
"2364",657649,"Jared Koenig"
"2365",657745,"Bubby Rossman"
"2366",658667,"Cristofer Melendez"
"2367",660435,"Chester Pimentel"
"2368",660440,"Odalvi Javier"
"2369",660604,"Alan Rangel"
"2370",660636,"Diego Castillo"
"2371",660730,"Elvin Rodriguez"
"2372",660756,"Eury Ramos"
"2373",660789,"Julio Frias"
"2374",661309,"Adri√°n Martinez"
"2375",661309,"Adri√°n Margenio"
"2376",661332,"Luke Westphal"
"2377",661531,"Brian Serven"
"2378",662165,"Austin Schulfer"
"2379",663158,"Robert Suarez"
"2380",663359,"Justin Maese"
"2381",663436,"Davis Martin"
"2382",663455,"Konnor Pilkington"
"2383",663467,"Jason Bilous"
"2384",663485,"Cole Sands"
"2385",663489,"Will Stewart"
"2386",663510,"Ben Leeper"
"2387",663534,"Nash Walters"
"2388",663542,"Bryan Hudson"
"2389",663562,"Noah Davis"
"2390",663587,"Fitz Stadler"
"2391",663603,"Solomon Bates"
"2392",663613,"Kyle Marman"
"2393",663630,"Ryan McKenna"
"2394",663671,"Nic Enright"
"2395",663704,"James McArthur"
"2396",663719,"Nate Ocker"
"2397",663752,"Cody Morris"
"2398",663773,"Bryan Hoeing"
"2399",663795,"Justin Hagenman"
"2400",663823,"Troy Bacon"
"2401",663856,"Mack Lemieux"
"2402",663892,"Kevin Coulter"
"2403",663943,"Nick Kennedy"
"2404",663947,"Tyler Holton"
"2405",663977,"Jake Higginbotham"
"2406",663989,"Nick Vespi"
"2407",664006,"Joey Marciano"
"2408",664101,"Blake Rogers"
"2409",664116,"Zack Erwin"
"2410",664161,"Matt Swarmer"
"2411",664284,"Carlos Espinal"
"2412",664670,"Alejo Lopez"
"2413",664691,"Garvin Alston Jr."
"2414",664747,"Alexis D√≠az"
"2415",664747,"Jos√© Abreu"
"2416",664784,"Steven Klimek"
"2417",664944,"Cam Vieaux"
"2418",665019,"Kody Clemens"
"2419",665167,"Jonah Dipoto"
"2420",665178,"Randy Labaut"
"2421",665734,"Angel Felipe"
"2422",665813,"Eris Filpo"
"2423",665871,"Javier Assad"
"2424",665996,"Oddanier Mosqueda"
"2425",666142,"Cole Ragans"
"2426",666199,"Zach Linginfelter"
"2427",666204,"Jes√∫s Luzard"
"2428",666301,"Indigo Diaz"
"2429",666374,"Matt Brash"
"2430",666673,"Melvi Acosta"
"2431",666711,"Joel Peguero"
"2432",666721,"Max Castillo"
"2433",666745,"Jhony Brito"
"2434",666974,"Yennier Cano"
"2435",667280,"Andrew Misiaszek"
"2436",667339,"Johan Dom√≠nguez"
"2437",667407,"Zack Plunkett"
"2438",667421,"Blaine Knight"
"2439",667434,"Kevin Kopps"
"2440",667435,"Barrett Loseke"
"2441",667722,"J. B. Olson"
"2442",668203,"Layne Henderson"
"2443",668470,"Hagen Danner"
"2444",668660,"Dakota Donovan"
"2445",668674,"Lucas Erceg"
"2446",668757,"Matt Dennis"
"2447",668761,"Colin Peluse"
"2448",668766,"Dylan File"
"2449",668800,"Andrew Knizner"
"2450",668834,"Easton McGee"
"2451",668871,"Zach Cable"
"2452",668873,"Caleb Kilian"
"2453",668908,"Justin Bullock"
"2454",668964,"Tobias Myers"
"2455",668970,"Gavin Hollowell"
"2456",668987,"Brandon White"
"2457",669062,"Erik Miller"
"2458",669084,"DL Hall"
"2459",669093,"Jeremiah Estrada"
"2460",669114,"Jace Vines"
"2461",669194,"Ryne Nelson"
"2462",669205,"Lincoln Henzman"
"2463",669387,"Carmen Mlodzinski"
"2464",669391,"Owen White"
"2465",669431,"Gil Luna Jr."
"2466",669435,"Mitchell Kilkenny"
"2467",669437,"Jordan Jones"
"2468",669467,"Andre Pallante"
"2469",669682,"Morgan McSweeney"
"2470",669684,"Chris Murphy"
"2471",669697,"Andrew Schultz"
"2472",669713,"Hayden Wesneski"
"2473",669742,"Darick Hall"
"2474",669804,"Angel De Jesus"
"2475",669923,"George Kirby"
"2476",669942,"Chad Donato"
"2477",670032,"Nicky Lopez"
"2478",670048,"Tai Tiedemann"
"2479",670059,"Colin Holderman"
"2480",670109,"Jacob Bosiokovic"
"2481",670124,"Adam Oller"
"2482",670219,"Zac Kristofak"
"2483",670241,"Darius Vines"
"2484",670287,"David Ellingson"
"2485",670437,"Lucas Jacobsen"
"2486",670721,"Kyle Johnson"
"2487",670768,"Luis Gonz√°lez"
"2488",670810,"Logan Gillaspie"
"2489",670871,"Guillermo Zu√±iga"
"2490",670986,"Jose Bravo"
"2491",671111,"Sammy Peralta"
"2492",671162,"Connor Thomas"
"2493",671305,"Michel Ota√±ez"
"2494",671922,"Cade Smith"
"2495",672382,"Luis Moreno"
"2496",672529,"Yefri Del Rosario"
"2497",672550,"Danis Correa"
"2498",672755,"Aldry Acosta"
"2499",672774,"Ronny Garcia"
"2500",672795,"Samuel Reyes"
"2501",672839,"Francisco Morales"
"2502",672848,"Noe Toribio"
"2503",672870,"Osiris German"
"2504",673111,"Jose Lopez"
"2505",673231,"Tahnaj Thomas"
"2506",673257,"Victor Santos"
"2507",673822,"Marcos Tineo"
"2508",673862,"Ethan Evanko"
"2509",673904,"Jake Walsh"
"2510",673912,"J. T. Hintzen"
"2511",673965,"Caleb Freeman"
"2512",674003,"Cody Bradford"
"2513",674047,"Travis Kuhn"
"2514",674052,"Bryan Pall"
"2515",674072,"Tommy Henry"
"2516",674444,"Steven Cruz"
"2517",675540,"Xzavion Curry"
"2518",675640,"Braden Zarbnisky"
"2519",675653,"James Marinan"
"2520",675842,"Emilker Guzman"
"2521",675976,"Mark Washington"
"2522",675989,"Cody Bolton"
"2523",676014,"Matthew Peguero"
"2524",676089,"Alex Mauricio"
"2525",676111,"Shawn Semple"
"2526",676130,"Jos√© Butto"
"2527",676194,"Jackson Tetreault"
"2528",676254,"Ryan Walker"
"2529",676298,"Frank Rubio"
"2530",676361,"Jack Labosky"
"2531",676391,"Ernie Clement"
"2532",676515,"Cam Robinson"
"2533",676520,"Manuel Alvarez"
"2534",676534,"Calvin Faucher"
"2535",676546,"Michael Gomez"
"2536",676568,"Ricky Vanasco"
"2537",676571,"PJ Poulin"
"2538",676614,"Bryan Sammons"
"2539",676660,"Jared Solomon"
"2540",676664,"JP Sears"
"2541",676680,"Tom Cosgrove"
"2542",676699,"Seth Nordlin"
"2543",676702,"Hunter Stratton"
"2544",676707,"John Russell"
"2545",676711,"Nick Gallagher"
"2546",676714,"Brandon Hughes"
"2547",676720,"Tommy Romero"
"2548",676726,"Chris Muller"
"2549",676760,"Ron Marinaccio"
"2550",676898,"Zack Draper"
"2551",676942,"Graham Spraker"
"2552",676946,"Matthew Batten"
"2553",676949,"Miller Hogan"
"2554",676961,"Caleb Boushley"
"2555",676974,"Max Meyer"
"2556",676987,"Tim Naughton"
"2557",677020,"Josh Walker"
"2558",677053,"Andrew Nardi"
"2559",677362,"Nick Kuzia"
"2560",677643,"Jose Betances"
"2561",678041,"Brendan Nail"
"2562",678061,"Ray Kerr"
"2563",678149,"Evan Elliott"
"2564",678371,"Ivan Armstrong"
"2565",678394,"Brayan Bello"
"2566",678692,"Ronny Henriquez"
"2567",678725,"Franny Cobos"
"2568",679033,"Juan Zapata"
"2569",679346,"Edgar Navarro"
"2570",679358,"Eric Orze"
"2571",679693,"Carson Coleman"
"2572",679863,"Andrew Gross"
"2573",680570,"Grayson Rodriguez"
"2574",680653,"Denny Roman"
"2575",680694,"Kyle Bradish"
"2576",680802,"Ryan Weiss"
"2577",680863,"Sean Mullen"
"2578",680961,"Chris Gau"
"2579",680970,"Andrew Perez"
"2580",681145,"Cayne Ueckert"
"2581",681168,"Luis Curvelo"
"2582",681185,"Yoelv√≠n Silven"
"2583",681190,"Randy Vasquez"
"2584",681217,"Chase Silseth"
"2585",681259,"Aaron Pinto"
"2586",681320,"Nathan Lavender"
"2587",681347,"Mike Burrows"
"2588",681485,"Derek Craft"
"2589",681493,"Eddy Demurias"
"2590",681501,"Chavez Fernander"
"2591",681603,"Carlos Garcia"
"2592",681643,"Freddy Pacheco"
"2593",681676,"Ryan Fernandez"
"2594",681753,"Adrian Hernandez"
"2595",681799,"Ethan Roberts"
"2596",681803,"Trey Riley"
"2597",681808,"Chris Vallimont"
"2598",681856,"Thomas Ponticelli"
"2599",681885,"Evan Lee"
"2600",681891,"Zach Greene"
"2601",681892,"Kody Funderburk"
"2602",681902,"Brad Case"
"2603",681958,"Devin Conn"
"2604",681982,"Grant Anderson"
"2605",682002,"Blake Workman"
"2606",682023,"Josh Dye"
"2607",682027,"Cam Alldred"
"2608",682044,"Sean Boyle"
"2609",682051,"Garrett Hill"
"2610",682120,"Tim Herrin"
"2611",682143,"Michael Costanzo"
"2612",682199,"Ben Gross"
"2613",682200,"Austin Drury"
"2614",682201,"Austin Ross"
"2615",682227,"Brandon Williamson"
"2616",682240,"Stephen Jones"
"2617",682489,"Joe Record"
"2618",682528,"Danny Chang"
"2619",682726,"Jose Aquino"
"2620",682842,"Abner Uribe"
"2621",682847,"Luis Ortiz"
"2622",682967,"Devin Sweet"
"2623",683004,"Jack Leiter"
"2624",683565,"David Morillo"
"2625",683627,"Anthony Molina"
"2626",683769,"Hunter Gaddis"
"2627",684544,"Jimmy Endersby"
"2628",684871,"Enmanuel Mejia"
"2629",684876,"Adrian Florencio"
"2630",685124,"Nathan Burns"
"2631",685126,"Brandon Eisert"
"2632",686594,"Garrett Farmer"
"2633",686608,"Jacob Wallace"
"2634",686610,"Ken Waldichuk"
"2635",686651,"Levi Stoudt"
"2636",686753,"Drey Jameson"
"2637",686762,"Austin Roberts"
"2638",686768,"Ryan Smith"
"2639",686819,"Chris Wright"
"2640",686826,"Bryce Jarvis"
"2641",686831,"Colby White"
"2642",686839,"Brendan White"
"2643",686842,"McKinley Moore"
"2644",686933,"Mitchell Stumpo"
"2645",686972,"Cole Waites"
"2646",686973,"Louie Varland"
"2647",686993,"Justin Sterner"
"2648",687014,"Nick Avila"
"2649",687159,"Nick Morreale"
"2650",687330,"Kevin Kelly"
"2651",687344,"Kevin Milam"
"2652",687423,"Triston Polley"
"2653",687437,"Spencer Mraz"
"2654",687460,"Zack Phillips"
"2655",687498,"Brian Marconi"
"2656",687607,"Edgar Barclay"
"2657",687765,"Mitch Spence"
"2658",687847,"Marc Church"
"2659",687849,"Zak Kent"
"2660",687866,"Justin Yeager"
"2661",687871,"Clayton McGinness"
"2662",687953,"Matt Minnick"
"2663",688010,"Nate Fisher"
"2664",688125,"Dylan Spain"
"2665",688230,"Peyton Alford"
"2666",688497,"Taylor Rashi"
"2667",688857,"Stevie Branche"
"2668",688953,"Trevor Brigden"
"2669",688984,"Robert Kwiatkowski"
"2670",689185,"Everhett Hazelwood"
"2671",689225,"Beau Brieske"
"2672",689379,"Aidan Anderson"
"2673",689520,"Cody Laweryson"
"2674",689701,"Michael Horrell"
"2675",690103,"Chris Jefferson"
"2676",690344,"Trey Jeans"
"2677",690345,"Pedro Garcia"
"2678",691068,"Michael Stryffeler"
"2679",691094,"Randy Wynne"
"2680",691602,"Stiven Cruz"
"2681",693312,"Kyle Nicolas"
"2682",693388,"Shohei Tomioka"
"2683",693821,"Bryce Elder"
"2684",694037,"Daniel Palencia"
"2685",694297,"Brandon Pfaadt"
"2686",694536,"Trent Baker"
"2687",694642,"Kent Hasler"
"2688",695365,"Ian Leatherman"
"2689",695405,"Cameron Leonard"
"2690",695445,"Chase Lee"
"2691",695769,"D. J. McCarty"
"2692",695935,"Vin Timpanelli"
"2693",696136,"Jordan Wicks"
"2694",698785,"Kai-Noa Wynyard"
"2695",699479,"Taylor Broadway"
"2696",699499,"Mike Adams"
"2697",700363,"AJ Smith-Shawver"
"2698",700412,"Aaron Haase"
"2699",701151,"Jake McSteen"
"2700",701487,"Pierson Ohl"
"2701",701539,"Eric Torres"
"2702",701619,"Alfredo Ruiz"
"2703",702464,"Michael Alfonso"
"2704",702477,"Joseph Montalvo"
"2705",703106,"Ricardo Velez"
"2706",801389,"Jack Snyder"
